采集日期,日报截屏上送时长（小时）,原始上送时长（小时）,原始上送时长（分钟）,运营端不合格时长（小时）,运营端不合格时长（分钟）,不合格时长占比,数据记录差异,设备ID,采集点,采集点对接人
2025-10-27,0.0,0.01,0.3,0.01,0.3,100.0%,0.01,7cf6,,
2025-10-28,0.0,2.81,168.8,0.05,3.0,1.78%,2.81,2ed0,,
2025-10-28,0.0,0.12,7.4,0.12,7.4,100.0%,0.12,7cf6,,
2025-10-28,0.0,0.55,32.7,0.04,2.3,7.27%,0.55,d94e,,
2025-10-28,0.0,0.01,0.4,0.01,0.4,100.0%,0.01,e84e,,
2025-10-29,6.75,0.0,,,,,-6.75,2ed0,希利,罗圣峰
2025-10-29,31.5,0.64,38.6,0.14,8.6,21.88%,-30.86,57ff,遇见个超市,贺子豪
2025-10-29,6.75,0.0,,,,,-6.75,7cf6,希利,罗圣峰
2025-10-29,6.75,0.0,,,,,-6.75,d94e,希利,罗圣峰
2025-10-30,4.5,0.0,,,,,-4.5,2ed0,希利,罗圣峰
2025-10-30,0.0,5.51,330.7,0.43,25.95,7.8%,5.51,57ff,遇见个超市,贺子豪
2025-10-30,5.5,5.51,330.7,0.43,25.95,7.8%,0.01,57ff,遇见个超市,贺子豪
2025-10-30,4.5,0.0,,,,,-4.5,7cf6,希利,罗圣峰
2025-10-30,4.5,0.0,,,,,-4.5,d94e,希利,罗圣峰
2025-10-30,0.0,0.0,0.1,0.0,0.1,,0.0,e84e,,
2025-10-31,6.0,6.12,367.1,0.22,13.35,3.59%,0.12,2ed0,希利,罗圣峰
2025-10-31,8.0,8.11,486.5,1.56,93.75,19.24%,0.11,57ff,遇见个超市,贺子豪
2025-10-31,0.0,0.05,3.2,0.0,0.0,0.0%,0.05,7437,,
2025-10-31,6.0,6.13,367.9,0.26,15.35,4.24%,0.13,7cf6,希利,罗圣峰
2025-10-31,6.0,5.96,357.9,0.65,39.2,10.91%,-0.04,d94e,希利,罗圣峰
2025-10-31,0.0,1.89,113.1,0.85,50.85,44.97%,1.89,e84e,,
2025-11-01,2.75,6.5,390.2,0.26,15.6,4.0%,3.75,2ed0,希利,罗圣峰
2025-11-01,8.0,8.06,483.7,0.59,35.25,7.32%,0.06,57ff,遇见个超市,贺子豪
2025-11-01,2.5,6.68,400.6,0.86,51.75,12.87%,4.18,7cf6,希利,罗圣峰
2025-11-01,2.75,5.97,358.4,0.42,25.15,7.04%,3.22,d94e,希利,罗圣峰
2025-11-03,7.0,6.85,411.1,0.15,9.25,2.19%,-0.15,2ed0,希利,罗圣峰
2025-11-03,8.0,8.01,480.8,0.69,41.15,8.61%,0.01,57ff,遇见个超市,贺子豪
2025-11-03,7.0,6.93,415.7,0.5,29.75,7.22%,-0.07,7cf6,希利,罗圣峰
2025-11-03,7.0,3.5,210.1,0.15,8.75,4.29%,-3.5,d94e,希利,罗圣峰
2025-11-04,6.75,6.79,407.3,0.12,7.25,1.77%,0.04,2ed0,希利,罗圣峰
2025-11-04,0.0,0.11,6.8,0.0,0.0,0.0%,0.11,4f46,,
2025-11-04,8.0,7.98,478.7,1.45,86.75,18.17%,-0.02,57ff,遇见个超市,贺子豪
2025-11-04,0.0,0.83,50.0,0.16,9.55,19.28%,0.83,7437,,
2025-11-04,6.75,6.78,406.8,0.54,32.65,7.96%,0.03,7cf6,希利,罗圣峰
2025-11-04,0.0,0.03,1.6,0.0,0.0,0.0%,0.03,821e,,
2025-11-04,6.75,6.68,401.0,0.76,45.75,11.38%,-0.07,d94e,希利,罗圣峰
2025-11-05,5.0,5.13,307.7,0.01,0.6,0.19%,0.13,2ed0,希利,罗圣峰
2025-11-05,8.0,5.59,335.2,3.35,201.05,59.93%,-2.41,57ff,遇见个超市,贺子豪
2025-11-05,0.0,2.82,169.4,0.03,1.7,1.06%,2.82,7437,,
2025-11-05,5.0,5.44,326.5,0.45,27.0,8.27%,0.44,7cf6,希利,罗圣峰
2025-11-05,0.0,0.26,15.7,0.0,0.0,0.0%,0.26,821e,,
2025-11-05,0.0,2.6,156.0,0.35,20.75,13.46%,2.6,8f4a,,
2025-11-05,0.0,0.41,24.7,0.41,24.7,100.0%,0.41,d70d,,
2025-11-05,5.0,5.01,300.8,0.7,41.85,13.97%,0.01,d94e,希利,罗圣峰
2025-11-06,0.0,2.55,152.8,0.17,10.0,6.67%,2.55,0fe4,,
2025-11-06,6.5,6.6,395.8,0.05,3.25,0.76%,0.1,2ed0,希利,罗圣峰
2025-11-06,0.0,3.41,204.7,0.35,21.0,10.26%,3.41,4f46,,
2025-11-06,0.0,2.46,147.4,0.52,31.0,21.14%,2.46,7437,,
2025-11-06,6.5,6.69,401.5,0.45,27.05,6.73%,0.19,7cf6,希利,罗圣峰
2025-11-06,3.75,4.43,265.8,2.1,125.8,47.4%,0.68,821e,东莞,贺子豪
2025-11-06,8.0,8.07,484.1,1.13,68.0,14.0%,0.07,8f4a,遇见个超市,贺子豪
2025-11-06,2.25,0.0,,,,,-2.25,c12b,东莞,贺子豪
2025-11-06,0.0,2.61,156.4,2.37,142.1,90.8%,2.61,d70d,,
2025-11-06,6.5,6.47,388.4,0.62,37.5,9.58%,-0.03,d94e,希利,罗圣峰
2025-11-06,0.0,0.04,2.1,0.04,2.1,100.0%,0.04,f061,,
2025-11-07,7.0,5.55,332.8,0.27,15.9,4.86%,-1.45,2ed0,希利,罗圣峰
2025-11-07,3.5,21.65,1299.0,10.48,629.0,48.41%,18.15,4e97,东莞,贺子豪
2025-11-07,0.0,8.68,520.6,0.58,34.55,6.68%,8.68,4f46,,
2025-11-07,0.0,1.51,90.7,0.01,0.3,0.66%,1.51,7437,,
2025-11-07,5.0,5.08,305.1,0.8,48.25,15.75%,0.08,7cf6,希利,罗圣峰
2025-11-07,8.0,8.03,481.5,2.7,162.0,33.62%,0.03,8f4a,遇见个超市,贺子豪
2025-11-07,8.0,0.0,,,,,-8.0,c12b,东莞,贺子豪
2025-11-07,0.0,2.95,176.8,2.84,170.6,96.27%,2.95,d70d,,
2025-11-07,7.0,7.14,428.4,1.52,91.15,21.29%,0.14,d94e,希利,罗圣峰
2025-11-08,9.5,0.0,,,,,-9.5,4e97,东莞,贺子豪
2025-11-08,0.0,6.1,365.8,0.25,14.95,4.1%,6.1,4f46,,
2025-11-08,8.0,8.07,484.2,1.38,82.7,17.1%,0.07,8f4a,遇见个超市,贺子豪
2025-11-08,6.75,0.0,,,,,-6.75,c12b,东莞,贺子豪
2025-11-09,0.0,0.06,3.7,0.06,3.7,100.0%,0.06,4813,,
2025-11-09,0.0,4.04,242.7,0.17,10.0,4.21%,4.04,4e97,,
2025-11-09,0.0,4.04,242.7,0.1,6.25,2.48%,4.04,4f46,,
2025-11-09,0.0,6.24,374.2,0.47,28.5,7.53%,6.24,8dfb,,
2025-11-09,8.0,7.99,479.4,2.85,170.95,35.67%,-0.01,8f4a,遇见个超市,贺子豪
2025-11-09,0.0,0.01,0.3,0.01,0.3,100.0%,0.01,9712,,
2025-11-09,0.0,5.1,306.0,0.0,0.0,0.0%,5.1,e84e,,
2025-11-10,6.0,5.0,300.3,0.18,11.0,3.6%,-1.0,2ed0,希利,罗圣峰
2025-11-10,8.0,18.98,1138.7,14.64,878.7,77.13%,10.98,4e97,东莞,贺子豪
2025-11-10,0.0,8.12,487.1,0.26,15.75,3.2%,8.12,4f46,,
2025-11-10,0.0,0.02,1.2,0.02,1.2,100.0%,0.02,57ff,,
2025-11-10,0.0,0.96,57.4,0.29,17.4,30.21%,0.96,7437,,
2025-11-10,6.5,6.42,385.2,0.63,37.75,9.81%,-0.08,7cf6,希利,罗圣峰
2025-11-10,8.0,7.99,479.7,1.81,108.7,22.65%,-0.01,8f4a,遇见个超市,贺子豪
2025-11-10,8.0,0.0,,,,,-8.0,c12b,东莞,贺子豪
2025-11-10,6.5,6.12,367.1,1.62,97.5,26.47%,-0.38,d94e,希利,罗圣峰
2025-11-11,5.75,6.34,380.2,2.43,145.6,38.33%,0.59,2ed0,希利,罗圣峰
2025-11-11,6.75,0.0,,,,,-6.75,4ad7,希利,罗圣峰
2025-11-11,7.5,11.49,689.2,0.37,22.0,3.22%,3.99,4e97,东莞,贺子豪
2025-11-11,8.0,8.08,485.1,0.46,27.75,5.69%,0.08,4f46,东莞,贺子豪
2025-11-11,6.0,6.1,366.3,1.17,70.05,19.18%,0.1,57ff,遇见个超市,贺子豪
2025-11-11,6.75,6.96,417.6,1.03,61.6,14.8%,0.21,7cf6,希利,罗圣峰
2025-11-11,0.0,0.06,3.4,0.06,3.4,100.0%,0.06,821e,,
2025-11-11,8.0,8.11,486.8,1.91,114.5,23.55%,0.11,8f4a,遇见个超市,贺子豪
2025-11-11,6.75,6.76,405.9,1.18,70.65,17.46%,0.01,d94e,希利,罗圣峰
2025-11-11,6.75,6.24,374.6,0.89,53.35,14.26%,-0.51,e84e,希利,罗圣峰
2025-11-11,0.0,0.0,0.2,0.0,0.2,,0.0,f061,,
2025-11-11,0.0,0.02,0.9,0.02,0.9,100.0%,0.02,ff7e,,
2025-11-12,0.0,0.58,34.7,0.01,0.8,1.72%,0.58,17fd,,
2025-11-12,6.0,6.04,362.6,0.4,23.75,6.62%,0.04,2ed0,希利,罗圣峰
2025-11-12,5.0,0.0,,,,,-5.0,4ad7,希利,罗圣峰
2025-11-12,6.0,4.1,246.0,0.44,26.5,10.73%,-1.9,4e97,东莞,贺子豪
2025-11-12,8.0,5.86,351.7,0.07,4.25,1.19%,-2.14,4f46,东莞,贺子豪
2025-11-12,8.0,8.13,487.8,3.03,182.0,37.27%,0.13,57ff,遇见个超市,贺子豪
2025-11-12,0.0,0.62,37.2,0.12,7.2,19.35%,0.62,6790,,
2025-11-12,0.0,0.05,3.2,0.05,3.2,100.0%,0.05,7437,,
2025-11-12,6.0,6.41,384.5,0.15,9.0,2.34%,0.41,7cf6,希利,罗圣峰
2025-11-12,8.0,8.23,493.9,3.98,238.9,48.36%,0.23,8f4a,遇见个超市,贺子豪
2025-11-12,0.0,1.01,60.6,0.01,0.3,0.99%,1.01,9712,,
2025-11-12,0.0,1.23,74.0,0.01,0.6,0.81%,1.23,c0e4,,
2025-11-12,6.0,6.2,372.1,0.76,45.6,12.26%,0.2,d94e,希利,罗圣峰
2025-11-12,0.0,0.24,14.2,0.02,1.3,8.33%,0.24,e5fb,,
2025-11-12,6.0,5.95,356.9,0.29,17.5,4.87%,-0.05,e84e,希利,罗圣峰
2025-11-12,0.0,0.19,11.7,0.17,10.0,89.47%,0.19,f061,,
2025-11-13,0.5,0.0,,,,,-0.5,17fd,丰县,江伊潭
2025-11-13,6.0,6.23,373.6,0.07,4.5,1.12%,0.23,2ed0,希利,罗圣峰
2025-11-13,6.0,0.0,,,,,-6.0,4ad7,希利,罗圣峰
2025-11-13,8.0,13.33,799.8,3.55,212.95,26.63%,5.33,4e97,东莞,贺子豪
2025-11-13,7.15,5.94,356.6,0.22,13.0,3.7%,-1.21,4f46,东莞,贺子豪
2025-11-13,8.0,2.46,147.5,0.31,18.5,12.6%,-5.54,57ff,遇见个超市,贺子豪
2025-11-13,0.0,0.68,40.7,0.07,3.95,10.29%,0.68,6790,,
2025-11-13,0.0,0.0,0.1,0.0,0.1,,0.0,7437,,
2025-11-13,6.0,6.23,373.7,1.42,85.35,22.79%,0.23,7cf6,希利,罗圣峰
2025-11-13,8.0,8.05,483.3,1.78,107.05,22.11%,0.05,8f4a,遇见个超市,贺子豪
2025-11-13,1.18,0.0,,,,,-1.18,c0e4,丰县,江伊潭
2025-11-13,0.0,0.04,2.1,0.04,2.1,100.0%,0.04,d70d,,
2025-11-13,6.0,6.05,363.2,0.38,22.75,6.28%,0.05,d94e,希利,罗圣峰
2025-11-13,0.25,0.0,,,,,-0.25,e5fb,丰县,江伊潭
2025-11-13,6.0,6.13,367.7,0.27,16.2,4.4%,0.13,e84e,希利,罗圣峰
2025-11-14,4.25,4.31,258.4,0.97,58.4,22.51%,0.06,0fe4,武汉,贺子豪
2025-11-14,0.0,1.49,89.3,0.01,0.4,0.67%,1.49,17fd,,
2025-11-14,6.25,6.1,366.2,0.26,15.65,4.26%,-0.15,3a7e,希利,罗圣峰
2025-11-14,6.25,0.0,,,,,-6.25,4ad7,希利,罗圣峰
2025-11-14,8.0,8.19,491.5,2.54,152.45,31.01%,0.19,4e97,东莞,贺子豪
2025-11-14,8.0,11.38,682.7,0.29,17.5,2.55%,3.38,4f46,东莞,贺子豪
2025-11-14,8.0,8.03,481.8,1.26,75.5,15.69%,0.03,57ff,遇见个超市,贺子豪
2025-11-14,0.0,5.0,300.2,0.0,0.0,0.0%,5.0,7cf6,,
2025-11-14,8.0,8.06,483.4,2.03,121.9,25.19%,0.06,8f4a,遇见个超市,贺子豪
2025-11-14,1.0,1.55,92.8,0.01,0.6,0.65%,0.55,c0e4,丰县,江伊潭
2025-11-14,6.25,6.32,379.3,0.12,7.2,1.9%,0.07,c6c1,希利,罗圣峰
2025-11-14,6.25,6.17,369.9,0.86,51.7,13.94%,-0.08,d94e,希利,罗圣峰
2025-11-14,0.0,3.2,192.3,0.04,2.3,1.25%,3.2,e5cb,,
2025-11-14,1.0,0.84,50.2,0.06,3.75,7.14%,-0.16,e5fb,丰县,江伊潭
2025-11-15,3.93,3.35,201.1,0.65,38.75,19.4%,-0.58,17fd,丰县,江伊潭
2025-11-15,6.5,6.38,382.6,0.1,6.0,1.57%,-0.12,3a7e,希利,罗圣峰
2025-11-15,8.0,4.09,245.2,0.11,6.75,2.69%,-3.91,4e97,东莞,贺子豪
2025-11-15,8.0,3.85,231.2,0.6,36.25,15.58%,-4.15,4f46,东莞,贺子豪
2025-11-15,0.0,1.5,90.1,1.5,90.1,100.0%,1.5,4fcf,,
2025-11-15,8.0,8.02,481.2,1.58,94.75,19.7%,0.02,57ff,遇见个超市,贺子豪
2025-11-15,0.0,3.27,196.2,2.08,125.0,63.61%,3.27,6790,,
2025-11-15,8.0,7.69,461.4,1.62,97.0,21.07%,-0.31,8f4a,遇见个超市,贺子豪
2025-11-15,1.0,1.63,97.8,0.01,0.5,0.61%,0.63,c0e4,丰县,江伊潭
2025-11-15,3.34,2.8,168.2,0.0,0.0,0.0%,-0.54,e5fb,丰县,江伊潭
2025-11-16,0.0,1.06,63.6,1.04,62.6,98.11%,1.06,0fe4,,
2025-11-16,0.0,1.05,62.8,0.0,0.0,0.0%,1.05,17fd,,
2025-11-16,0.0,4.06,243.7,0.04,2.25,0.99%,4.06,4e97,,
2025-11-16,0.0,4.02,241.3,0.3,18.3,7.46%,4.02,4f46,,
2025-11-16,8.0,8.07,484.3,2.07,124.1,25.65%,0.07,57ff,遇见个超市,贺子豪
2025-11-16,8.0,11.19,671.2,3.38,202.83,30.21%,3.19,8f4a,遇见个超市,贺子豪
2025-11-16,0.0,1.7,102.0,0.42,25.2,24.71%,1.7,e5fb,,
2025-11-16,0.0,0.97,58.4,0.33,20.0,34.02%,0.97,f061,,
2025-11-17,2.0,1.0,59.9,0.33,20.0,33.0%,-1.0,0fe4,武汉,贺子豪
2025-11-17,3.5,2.27,136.2,0.57,34.25,25.11%,-1.23,17fd,丰县,江伊潭
2025-11-17,6.25,6.13,367.6,0.09,5.25,1.47%,-0.12,3a7e,希利,罗圣峰
2025-11-17,0.0,7.32,439.1,6.62,397.1,90.44%,7.32,4813,,
2025-11-17,6.25,8.41,504.6,1.5,89.85,17.84%,2.16,4ad7,希利,罗圣峰
2025-11-17,8.0,4.73,283.7,1.08,65.0,22.83%,-3.27,4e97,东莞,贺子豪
2025-11-17,8.0,8.12,487.1,0.25,14.75,3.08%,0.12,4f46,东莞,贺子豪
2025-11-17,8.0,8.12,487.1,1.53,91.55,18.84%,0.12,57ff,遇见个超市,贺子豪
2025-11-17,0.0,0.01,0.3,0.01,0.3,100.0%,0.01,6790,,
2025-11-17,0.0,0.74,44.5,0.22,13.0,29.73%,0.74,821e,,
2025-11-17,8.0,4.91,294.8,0.85,50.8,17.31%,-3.09,8f4a,遇见个超市,贺子豪
2025-11-17,2.4,2.31,138.8,0.02,1.0,0.87%,-0.09,c0e4,丰县,江伊潭
2025-11-17,6.25,5.31,318.9,0.24,14.6,4.52%,-0.94,c6c1,希利,罗圣峰
2025-11-17,6.25,6.15,368.8,0.58,34.95,9.43%,-0.1,d94e,希利,罗圣峰
2025-11-17,6.25,6.12,367.5,0.59,35.25,9.64%,-0.13,e5cb,希利,罗圣峰
2025-11-17,4.0,2.36,141.6,0.29,17.25,12.29%,-1.64,e5fb,丰县,江伊潭
2025-11-18,1.25,2.03,121.6,0.9,54.0,44.33%,0.78,0fe4,武汉,贺子豪
2025-11-18,4.0,4.02,241.3,0.67,40.35,16.67%,0.02,17fd,丰县,江伊潭
2025-11-18,6.0,6.44,386.3,0.3,18.0,4.66%,0.44,3a7e,希利,罗圣峰
2025-11-18,0.0,1.67,100.3,0.17,10.05,10.18%,1.67,4813,,
2025-11-18,2.5,3.87,232.0,0.03,1.6,0.78%,1.37,4ad7,希利,罗圣峰
2025-11-18,8.0,1.67,100.5,0.01,0.5,0.6%,-6.33,4e97,东莞,贺子豪
2025-11-18,8.0,8.06,483.5,0.25,15.25,3.1%,0.06,4f46,东莞,贺子豪
2025-11-18,7.0,29.69,1781.7,8.7,522.0,29.3%,22.69,57ff,遇见个超市,贺子豪
2025-11-18,8.0,8.03,481.5,1.95,117.25,24.28%,0.03,8f4a,遇见个超市,贺子豪
2025-11-18,3.75,3.78,227.1,0.52,31.35,13.76%,0.03,c0e4,丰县,江伊潭
2025-11-18,6.0,6.38,383.0,0.54,32.35,8.46%,0.38,c6c1,希利,罗圣峰
2025-11-18,6.0,6.1,366.3,0.53,31.75,8.69%,0.1,d94e,希利,罗圣峰
2025-11-18,6.0,6.14,368.5,0.52,31.05,8.47%,0.14,e5cb,希利,罗圣峰
2025-11-18,3.96,5.97,358.5,1.28,76.75,21.44%,2.01,e5fb,丰县,江伊潭
2025-11-18,1.0,0.0,,,,,-1.0,f016,武汉,贺子豪
2025-11-18,0.0,1.61,96.4,1.37,82.35,85.09%,1.61,f061,,
2025-11-19,2.0,2.02,121.4,1.97,118.1,97.52%,0.02,0fe4,武汉,贺子豪
2025-11-19,4.6,6.29,377.5,0.47,28.0,7.47%,1.69,17fd,丰县,江伊潭
2025-11-19,0.0,0.01,0.5,0.01,0.5,100.0%,0.01,2ed0,,
2025-11-19,6.25,6.19,371.4,0.27,16.45,4.36%,-0.06,3a7e,希利,罗圣峰
2025-11-19,0.0,1.37,82.1,0.25,15.0,18.25%,1.37,4813,,
2025-11-19,1.5,1.55,92.8,0.28,16.8,18.06%,0.05,4ad7,希利,罗圣峰
2025-11-19,8.0,8.49,509.5,2.37,142.17,27.92%,0.49,4e97,东莞,贺子豪
2025-11-19,8.0,4.02,241.2,0.24,14.2,5.97%,-3.98,4f46,东莞,贺子豪
2025-11-19,0.0,2.59,155.7,1.51,90.45,58.3%,2.59,4fcf,,
2025-11-19,4.0,12.82,769.0,0.72,43.25,5.62%,8.82,57ff,遇见个超市,贺子豪
2025-11-19,0.0,1.64,98.4,1.17,70.15,71.34%,1.64,5c12,,
2025-11-19,0.0,16.47,988.3,0.38,22.95,2.31%,16.47,6790,,
2025-11-19,8.0,8.33,500.0,2.21,132.75,26.53%,0.33,8f4a,遇见个超市,贺子豪
2025-11-19,0.0,0.02,1.1,0.02,1.1,100.0%,0.02,c0a2,,
2025-11-19,4.95,6.61,396.4,0.52,31.05,7.87%,1.66,c0e4,丰县,江伊潭
2025-11-19,6.25,6.2,372.1,2.73,163.7,44.03%,-0.05,c6c1,希利,罗圣峰
2025-11-19,6.25,4.71,282.9,0.47,28.25,9.98%,-1.54,d94e,希利,罗圣峰
2025-11-19,6.25,5.7,342.1,0.72,43.1,12.63%,-0.55,e5cb,希利,罗圣峰
2025-11-19,4.7,2.65,158.7,0.04,2.5,1.51%,-2.05,e5fb,丰县,江伊潭
2025-11-20,3.0,3.96,237.9,1.27,76.4,32.07%,0.96,0fe4,武汉,贺子豪
2025-11-20,4.8,2.98,178.6,0.72,43.5,24.16%,-1.82,17fd,丰县,江伊潭
2025-11-20,6.25,6.18,370.7,0.17,10.0,2.75%,-0.07,3a7e,希利,罗圣峰
2025-11-20,0.0,4.18,250.8,0.99,59.5,23.68%,4.18,4813,宁波,罗圣峰
2025-11-20,6.25,0.0,,,,,-6.25,4ad7,希利,罗圣峰
2025-11-20,8.0,8.04,482.6,2.67,160.1,33.21%,0.04,4e97,东莞,贺子豪
2025-11-20,8.0,5.14,308.4,0.55,33.0,10.7%,-2.86,4f46,东莞,贺子豪
2025-11-20,8.0,16.21,972.5,2.08,124.8,12.83%,8.21,57ff,遇见个超市,贺子豪
2025-11-20,1.75,5.15,309.0,1.21,72.75,23.5%,3.4,6790,遇见个超市,贺子豪
2025-11-20,0.75,0.0,,,,,-0.75,821e,杭州风之末,江伊潭
2025-11-20,2.33,3.99,239.2,0.0,0.0,0.0%,1.66,8dfb,宁波,罗圣峰
2025-11-20,0.0,1.81,108.7,0.66,39.65,36.46%,1.81,8f4a,,
2025-11-20,4.75,4.26,255.7,0.48,29.0,11.27%,-0.49,c0e4,丰县,江伊潭
2025-11-20,6.25,6.03,362.0,2.59,155.65,42.95%,-0.22,c6c1,希利,罗圣峰
2025-11-20,0.5,0.65,39.1,0.0,0.0,0.0%,0.15,d70d,杭州风之末,江伊潭
2025-11-20,6.25,6.27,376.5,1.4,84.25,22.33%,0.02,d94e,希利,罗圣峰
2025-11-20,6.25,6.21,372.7,0.28,17.1,4.51%,-0.04,e5cb,希利,罗圣峰
2025-11-20,5.0,5.0,300.3,0.94,56.2,18.8%,0.0,e5fb,丰县,江伊潭
2025-11-20,3.5,0.0,,,,,-3.5,f016,武汉,贺子豪
2025-11-20,0.0,3.49,209.7,1.94,116.2,55.59%,3.49,f061,,
2025-11-21,4.25,4.29,257.5,0.4,23.85,9.32%,0.04,0fe4,武汉,贺子豪
2025-11-21,4.25,6.66,399.6,1.01,60.35,15.17%,2.41,17fd,丰县,江伊潭
2025-11-21,6.5,6.46,387.9,0.55,33.15,8.51%,-0.04,3a7e,希利,罗圣峰
2025-11-21,0.0,3.93,235.9,0.56,33.75,14.25%,3.93,4813,,
2025-11-21,6.5,6.21,372.5,0.75,44.75,12.08%,-0.29,4ad7,希利,罗圣峰
2025-11-21,8.0,3.54,212.6,0.6,35.75,16.95%,-4.46,4e97,东莞,贺子豪
2025-11-21,8.0,11.78,706.6,0.5,30.25,4.24%,3.78,4f46,东莞,贺子豪
2025-11-21,8.0,0.0,,,,,-8.0,57ff,遇见个超市,贺子豪
2025-11-21,8.0,8.01,480.5,3.22,193.0,40.2%,0.01,6790,遇见个超市,贺子豪
2025-11-21,0.0,0.06,3.3,0.0,0.0,0.0%,0.06,8dfb,,
2025-11-21,0.0,0.0,0.2,0.0,0.2,,0.0,8f4a,,
2025-11-21,2.75,5.93,355.8,0.4,24.25,6.75%,3.18,c0e4,丰县,江伊潭
2025-11-21,6.5,6.19,371.4,0.62,37.15,10.02%,-0.31,c6c1,希利,罗圣峰
2025-11-21,0.0,0.77,46.5,0.22,13.25,28.57%,0.77,d70d,,
2025-11-21,6.5,6.47,388.0,0.97,58.25,14.99%,-0.03,d94e,希利,罗圣峰
2025-11-21,6.5,6.21,372.4,1.25,75.0,20.13%,-0.29,e5cb,希利,罗圣峰
2025-11-21,5.0,10.36,621.6,1.42,85.25,13.71%,5.36,e5fb,丰县,江伊潭
2025-11-21,1.0,0.0,,,,,-1.0,f016,武汉,贺子豪
2025-11-21,0.0,2.06,123.6,0.2,12.25,9.71%,2.06,f061,,
2025-11-21,0.0,0.01,0.4,0.01,0.4,100.0%,0.01,fbdb,,
2025-11-22,2.5,4.58,275.1,2.45,147.25,53.49%,2.08,17fd,丰县,江伊潭
2025-11-22,8.0,5.88,352.6,1.62,97.4,27.55%,-2.12,4e97,东莞,贺子豪
2025-11-22,8.0,4.06,243.4,0.18,10.5,4.43%,-3.94,4f46,东莞,贺子豪
2025-11-22,8.0,1.33,80.0,0.04,2.5,3.01%,-6.67,57ff,遇见个超市,贺子豪
2025-11-22,8.0,8.02,481.1,1.47,88.25,18.33%,0.02,6790,遇见个超市,贺子豪
2025-11-22,0.0,3.51,210.8,2.85,171.1,81.2%,3.51,8dfb,,
2025-11-22,5.71,3.63,217.9,0.96,57.75,26.45%,-2.08,c0e4,丰县,江伊潭
2025-11-22,5.25,2.15,129.0,0.0,0.0,0.0%,-3.1,e5fb,丰县,江伊潭
2025-11-22,0.0,0.23,14.1,0.23,14.1,100.0%,0.23,fbdb,,
2025-11-23,0.0,2.97,178.2,0.0,0.0,0.0%,2.97,17fd,,
2025-11-23,0.0,4.81,288.9,4.73,284.1,98.34%,4.81,4813,,
2025-11-23,0.0,0.5,30.0,0.07,4.0,14.0%,0.5,4e97,,
2025-11-23,3.0,0.0,,,,,-3.0,57ff,遇见个超市,贺子豪
2025-11-23,8.0,8.02,481.3,0.0,0.0,0.0%,0.02,6790,遇见个超市,贺子豪
2025-11-23,0.0,0.01,0.8,0.01,0.8,100.0%,0.01,8dfb,,
2025-11-23,0.0,2.92,175.4,0.0,0.0,0.0%,2.92,c0e4,,
2025-11-23,0.0,2.9,173.8,0.0,0.0,0.0%,2.9,e5fb,,
2025-11-24,2.0,1.89,113.4,1.0,60.0,52.91%,-0.11,0fe4,武汉,贺子豪
2025-11-24,5.0,0.9,53.8,0.0,0.0,0.0%,-4.1,17fd,丰县,江伊潭
2025-11-24,6.25,6.32,379.1,0.4,23.7,6.33%,0.07,3a7e,希利,罗圣峰
2025-11-24,3.7,3.68,221.1,0.95,57.0,25.82%,-0.02,4813,宁波,罗圣峰
2025-11-24,6.25,6.2,372.2,0.71,42.7,11.45%,-0.05,4ad7,希利,罗圣峰
2025-11-24,8.0,4.18,251.1,0.36,21.5,8.61%,-3.82,4e97,东莞,贺子豪
2025-11-24,8.0,7.91,474.7,0.25,14.9,3.16%,-0.09,4f46,东莞,贺子豪
2025-11-24,1.0,0.0,,,,,-1.0,57ff,遇见个超市,贺子豪
2025-11-24,8.0,8.03,481.7,0.13,7.95,1.62%,0.03,6790,遇见个超市,贺子豪
2025-11-24,5.12,0.0,,,,,-5.12,7cf6,丰县,江伊潭
2025-11-24,0.0,0.99,59.5,0.5,29.85,50.51%,0.99,821e,,
2025-11-24,3.3,3.33,200.0,3.33,200.0,100.0%,0.03,8dfb,宁波,罗圣峰
2025-11-24,0.0,1.01,60.9,0.02,1.1,1.98%,1.01,8f4a,,
2025-11-24,3.6,0.49,29.6,0.0,0.0,0.0%,-3.11,c0e4,丰县,江伊潭
2025-11-24,6.25,6.37,382.1,0.64,38.35,10.05%,0.12,c6c1,希利,罗圣峰
2025-11-24,6.25,6.18,370.6,1.44,86.25,23.3%,-0.07,d94e,希利,罗圣峰
2025-11-24,6.25,6.17,370.5,0.67,40.5,10.86%,-0.08,e5cb,希利,罗圣峰
2025-11-24,5.0,0.0,,,,,-5.0,e5fb,丰县,江伊潭
2025-11-24,5.0,0.0,,,,,-5.0,e84e,丰县,江伊潭
2025-11-24,3.0,0.0,,,,,-3.0,f016,武汉,贺子豪
2025-11-24,0.0,3.12,187.5,0.19,11.3,6.09%,3.12,f061,,
2025-11-24,0.0,0.04,2.4,0.04,2.4,100.0%,0.04,fbdb,,
2025-11-25,0.0,0.0,,,,,0.0,0fe4,武汉,贺子豪
2025-11-25,4.75,5.47,328.0,0.08,5.0,1.46%,0.72,17fd,丰县,江伊潭
2025-11-25,6.0,6.27,376.0,0.31,18.5,4.94%,0.27,3a7e,希利,罗圣峰
2025-11-25,5.0,5.03,301.8,1.79,107.6,35.59%,0.03,4ad7,希利,罗圣峰
2025-11-25,0.0,0.04,2.4,0.04,2.3,100.0%,0.04,4e97,东莞,贺子豪
2025-11-25,0.0,6.23,374.0,0.25,15.05,4.01%,6.23,4f46,东莞,贺子豪
2025-11-25,8.0,0.0,,,,,-8.0,57ff,遇见个超市,贺子豪
2025-11-25,8.0,8.03,481.7,1.22,73.25,15.19%,0.03,6790,遇见个超市,贺子豪
2025-11-25,3.0,5.1,305.9,0.1,6.0,1.96%,2.1,7cf6,丰县,江伊潭
2025-11-25,0.5,5.45,326.9,0.63,37.9,11.56%,4.95,821e,杭州风之末,江伊潭
2025-11-25,4.5,6.21,372.3,0.46,27.55,7.41%,1.71,c0e4,丰县,江伊潭
2025-11-25,6.0,6.36,381.5,0.82,49.5,12.89%,0.36,c6c1,希利,罗圣峰
2025-11-25,1.25,7.85,470.8,1.7,102.15,21.66%,6.6,d70d,杭州风之末,江伊潭
2025-11-25,6.0,6.11,366.6,1.39,83.5,22.75%,0.11,d94e,希利,罗圣峰
2025-11-25,6.0,6.14,368.6,0.85,50.8,13.84%,0.14,e5cb,希利,罗圣峰
2025-11-25,4.5,3.89,233.6,0.4,24.1,10.28%,-0.61,e5fb,丰县,江伊潭
2025-11-25,3.15,5.24,314.4,0.0,0.0,0.0%,2.09,e84e,丰县,江伊潭
2025-11-25,1.0,0.0,,,,,-1.0,f016,武汉,贺子豪
2025-11-25,0.0,1.17,70.2,0.12,6.95,10.26%,1.17,f061,,
2025-11-26,2.65,0.6,35.9,0.03,1.5,5.0%,-2.05,17fd,丰县,江伊潭
2025-11-26,6.25,6.37,382.2,0.02,1.0,0.31%,0.12,3a7e,希利,罗圣峰
2025-11-26,0.0,0.0,0.1,0.0,0.1,,0.0,4813,,
2025-11-26,6.25,6.23,373.8,0.48,29.05,7.7%,-0.02,4ad7,希利,罗圣峰
2025-11-26,1.75,5.9,354.2,0.39,23.25,6.61%,4.15,4e97,东莞,贺子豪
2025-11-26,6.75,10.88,652.7,0.32,19.25,2.94%,4.13,4f46,东莞,贺子豪
2025-11-26,8.0,0.0,,,,,-8.0,57ff,遇见个超市,贺子豪
2025-11-26,8.0,8.03,482.0,2.24,134.25,27.9%,0.03,6790,遇见个超市,贺子豪
2025-11-26,4.5,2.43,145.7,0.48,29.0,19.75%,-2.07,7cf6,丰县,江伊潭
2025-11-26,4.0,3.17,190.2,1.51,90.7,47.63%,-0.83,821e,杭州风之末,江伊潭
2025-11-26,0.0,0.02,1.0,0.02,1.0,100.0%,0.02,8c60,,
2025-11-26,0.0,5.18,310.9,4.78,287.0,92.28%,5.18,8dfb,,
2025-11-26,0.0,3.58,214.6,0.16,9.6,4.47%,3.58,8f4a,,
2025-11-26,4.75,2.66,159.7,0.36,21.75,13.53%,-2.09,c0e4,丰县,江伊潭
2025-11-26,6.25,6.45,386.9,0.49,29.5,7.6%,0.2,c6c1,希利,罗圣峰
2025-11-26,2.5,2.32,139.5,0.0,0.0,0.0%,-0.18,d70d,杭州风之末,江伊潭
2025-11-26,6.25,6.24,374.4,1.17,70.15,18.75%,-0.01,d94e,希利,罗圣峰
2025-11-26,6.25,6.24,374.3,0.35,21.3,5.61%,-0.01,e5cb,希利,罗圣峰
2025-11-26,2.5,2.54,152.6,0.0,0.0,0.0%,0.04,e5fb,丰县,江伊潭
2025-11-26,5.05,2.98,178.7,0.0,0.0,0.0%,-2.07,e84e,丰县,江伊潭
2025-11-26,1.75,0.0,,,,,-1.75,f016,武汉,贺子豪
2025-11-26,0.0,2.69,161.4,0.33,19.9,12.27%,2.69,f061,,
2025-11-27,0.85,0.86,51.4,0.12,7.4,13.95%,0.01,0fe4,武汉,贺子豪
2025-11-27,4.1,4.11,246.7,0.95,56.9,23.11%,0.01,17fd,丰县,江伊潭
2025-11-27,6.0,5.56,333.9,0.5,30.0,8.99%,-0.44,3a7e,希利,罗圣峰
2025-11-27,6.0,5.07,304.2,0.87,52.45,17.16%,-0.93,4ad7,希利,罗圣峰
2025-11-27,8.0,4.04,242.1,0.07,4.35,1.73%,-3.96,4e97,东莞,贺子豪
2025-11-27,4.0,8.06,483.9,0.27,16.4,3.35%,4.06,4f46,东莞,贺子豪
2025-11-27,8.0,0.0,,,,,-8.0,57ff,遇见个超市,贺子豪
2025-11-27,7.25,0.0,,,,,-7.25,6790,遇见个超市,贺子豪
2025-11-27,4.1,3.76,225.4,0.0,0.0,0.0%,-0.34,7cf6,丰县,江伊潭
2025-11-27,6.0,0.0,,,,,-6.0,821e,杭州风之末,江伊潭
2025-11-27,0.0,5.21,312.4,4.56,273.45,87.52%,5.21,8dfb,,
2025-11-27,4.5,0.0,,,,,-4.5,8f4a,北京百世,江伊潭
2025-11-27,4.0,4.04,242.6,1.23,74.0,30.45%,0.04,c0e4,丰县,江伊潭
2025-11-27,6.0,5.73,343.7,1.23,73.6,21.47%,-0.27,c6c1,希利,罗圣峰
2025-11-27,6.0,9.27,556.4,3.51,210.85,37.86%,3.27,d70d,杭州风之末,江伊潭
2025-11-27,6.0,5.73,344.0,1.37,82.05,23.91%,-0.27,d94e,希利,罗圣峰
2025-11-27,6.0,5.54,332.4,0.25,15.2,4.51%,-0.46,e5cb,希利,罗圣峰
2025-11-27,3.75,3.74,224.7,1.11,66.6,29.68%,-0.01,e5fb,丰县,江伊潭
2025-11-27,4.2,4.18,251.0,0.95,57.3,22.73%,-0.02,e84e,丰县,江伊潭
2025-11-27,1.45,0.0,,,,,-1.45,f016,武汉,贺子豪
2025-11-27,0.0,1.76,105.9,0.07,4.5,3.98%,1.76,f061,,
2025-11-27,0.0,0.0,,,,,0.0,fbdb,北京百世,江伊潭
2025-11-28,0.0,0.92,55.5,0.03,1.75,3.26%,0.92,0fe4,,
2025-11-28,2.4,2.4,144.0,0.29,17.25,12.08%,0.0,17fd,丰县,江伊潭
2025-11-28,6.5,6.19,371.6,1.8,107.8,29.08%,-0.31,3a7e,希利,罗圣峰
2025-11-28,0.0,6.13,368.1,5.0,299.8,81.57%,6.13,4813,,
2025-11-28,6.5,6.47,388.1,1.52,91.35,23.49%,-0.03,4ad7,希利,罗圣峰
2025-11-28,6.0,8.0,480.1,0.47,28.2,5.88%,2.0,4e97,东莞,贺子豪
2025-11-28,6.0,3.96,237.6,0.18,10.75,4.55%,-2.04,4f46,东莞,贺子豪
2025-11-28,8.0,0.0,,,,,-8.0,57ff,遇见个超市,贺子豪
2025-11-28,0.0,0.02,1.0,0.02,1.0,100.0%,0.02,5c12,,
2025-11-28,8.0,0.0,,,,,-8.0,6790,遇见个超市,贺子豪
2025-11-28,0.0,0.03,1.7,0.03,1.7,100.0%,0.03,7393,,
2025-11-28,2.55,2.55,152.8,0.58,35.0,22.75%,0.0,7cf6,丰县,江伊潭
2025-11-28,2.1,2.1,125.9,0.59,35.65,28.1%,0.0,821e,杭州风之末,江伊潭
2025-11-28,4.0,5.33,319.8,0.55,32.85,10.32%,1.33,8f4a,北京百世,江伊潭
2025-11-28,0.0,0.02,0.9,0.02,0.9,100.0%,0.02,c0a2,,
2025-11-28,3.3,3.34,200.4,0.15,9.0,4.49%,0.04,c0e4,丰县,江伊潭
2025-11-28,6.5,6.52,391.3,1.05,62.8,16.1%,0.02,c6c1,希利,罗圣峰
2025-11-28,0.0,1.78,106.9,0.0,0.0,0.0%,1.78,cda9,,
2025-11-28,7.8,0.0,,,,,-7.8,d70d,杭州风之末,江伊潭
2025-11-28,6.5,4.37,262.3,1.01,60.7,23.11%,-2.13,d94e,希利,罗圣峰
2025-11-28,6.5,5.96,357.5,0.77,46.1,12.92%,-0.54,e5cb,希利,罗圣峰
2025-11-28,2.6,2.68,160.8,0.92,55.3,34.33%,0.08,e5fb,丰县,江伊潭
2025-11-28,3.4,3.42,205.2,1.02,61.5,29.82%,0.02,e84e,丰县,江伊潭
2025-11-28,0.0,2.78,167.1,0.48,28.85,17.27%,2.78,f061,,
2025-11-28,3.75,0.0,,,,,-3.75,fbdb,北京百世,江伊潭
2025-11-29,0.0,1.71,102.6,0.0,0.0,0.0%,1.71,17fd,,
2025-11-29,8.0,8.9,534.0,7.59,455.7,85.28%,0.9,4813,宁波,罗圣峰
2025-11-29,0.0,2.17,130.3,1.84,110.3,84.79%,2.17,4e97,,
2025-11-29,0.0,2.14,128.3,1.53,91.75,71.5%,2.14,4f46,,
2025-11-29,7.9,0.0,,,,,-7.9,57ff,遇见个超市,贺子豪
2025-11-29,8.0,0.0,,,,,-8.0,6790,遇见个超市,贺子豪
2025-11-29,0.0,4.93,295.9,0.49,29.35,9.94%,4.93,7393,,
2025-11-29,2.85,2.86,171.5,0.2,11.75,6.99%,0.01,7cf6,丰县,江伊潭
2025-11-29,0.0,5.81,348.5,2.2,132.0,37.87%,5.81,821e,,
2025-11-29,6.0,6.49,389.5,6.04,362.7,93.07%,0.49,8dfb,宁波,罗圣峰
2025-11-29,4.0,3.49,209.5,0.44,26.25,12.61%,-0.51,8f4a,北京百世,江伊潭
2025-11-29,0.0,2.09,125.2,0.72,43.0,34.45%,2.09,c0a2,,
2025-11-29,2.85,3.0,180.0,0.0,0.0,0.0%,0.15,c0e4,丰县,江伊潭
2025-11-29,0.0,2.15,129.3,0.75,44.75,34.88%,2.15,d70d,,
2025-11-29,0.4,2.16,129.4,0.33,19.6,15.28%,1.76,e5fb,丰县,江伊潭
2025-11-29,2.15,2.11,126.6,0.42,25.25,19.91%,-0.04,e84e,丰县,江伊潭
2025-11-30,3.5,0.0,,,,,-3.5,279f,承重云仓,江伊潭
2025-11-30,4.0,7.59,455.7,5.27,316.4,69.43%,3.59,4813,宁波,罗圣峰
2025-11-30,0.0,4.03,241.6,0.39,23.6,9.68%,4.03,4e97,,
2025-11-30,0.0,5.51,330.6,1.6,96.1,29.04%,5.51,4f46,,
2025-11-30,0.0,7.24,434.7,0.3,18.0,4.14%,7.24,4fcf,,
2025-11-30,8.0,0.0,,,,,-8.0,57ff,遇见个超市,贺子豪
2025-11-30,8.0,0.0,,,,,-8.0,6790,遇见个超市,贺子豪
2025-11-30,0.0,6.72,403.5,0.28,16.95,4.17%,6.72,7393,,
2025-11-30,0.0,1.88,112.5,0.0,0.0,0.0%,1.88,7cf6,,
2025-11-30,3.75,3.79,227.4,1.51,90.4,39.84%,0.04,821e,杭州风之末,江伊潭
2025-11-30,3.5,0.0,,,,,-3.5,8c60,承重云仓,江伊潭
2025-11-30,7.45,20.54,1232.5,18.84,1130.6,91.72%,13.09,8dfb,宁波,罗圣峰
2025-11-30,4.0,4.77,286.4,0.79,47.4,16.56%,0.77,8f4a,北京百世,江伊潭
2025-11-30,3.0,7.15,429.3,0.08,5.0,1.12%,4.15,c0a2,承重云仓,江伊潭
2025-11-30,0.0,1.71,102.5,0.0,0.0,0.0%,1.71,c0e4,,
2025-11-30,3.75,7.17,430.0,3.59,215.5,50.07%,3.42,d70d,杭州风之末,江伊潭
2025-11-30,0.0,1.81,108.6,0.0,0.0,0.0%,1.81,e84e,,
2025-12-01,1.0,0.0,,,,,-1.0,0fe4,武汉,贺子豪
2025-12-01,1.8,2.23,133.7,0.33,20.0,14.8%,0.43,17fd,丰县,江伊潭
2025-12-01,6.5,5.0,300.1,0.07,4.1,1.4%,-1.5,279f,承重云仓,江伊潭
2025-12-01,0.0,0.0,,,,,0.0,3a7e,希利,罗圣峰
2025-12-01,7.0,4.37,262.1,1.04,62.25,23.8%,-2.63,4813,宁波,罗圣峰
2025-12-01,0.0,0.0,,,,,0.0,4ad7,希利,罗圣峰
2025-12-01,8.0,22.51,1350.4,14.92,895.4,66.28%,14.51,4e97,东莞,贺子豪
2025-12-01,8.0,8.05,482.9,0.45,27.15,5.59%,0.05,4f46,东莞,贺子豪
2025-12-01,0.0,4.67,280.5,0.7,41.85,14.99%,4.67,4fcf,,
2025-12-01,1.5,5.12,307.4,1.94,116.55,37.89%,3.62,5c12,邯郸,罗圣峰
2025-12-01,2.0,2.14,128.3,0.23,13.75,10.75%,0.14,7cf6,丰县,江伊潭
2025-12-01,7.0,5.48,329.0,2.52,150.95,45.99%,-1.52,821e,杭州风之末,江伊潭
2025-12-01,6.5,0.0,,,,,-6.5,8c60,承重云仓,江伊潭
2025-12-01,7.0,5.97,358.5,2.78,167.0,46.57%,-1.03,8dfb,宁波,罗圣峰
2025-12-01,5.65,8.67,520.3,0.1,6.2,1.15%,3.02,8f4a,北京百世,江伊潭
2025-12-01,4.85,6.89,413.4,0.13,7.6,1.89%,2.04,c0a2,承重云仓,江伊潭
2025-12-01,1.8,2.24,134.6,0.26,15.85,11.61%,0.44,c0e4,丰县,江伊潭
2025-12-01,0.0,0.0,,,,,0.0,c6c1,希利,罗圣峰
2025-12-01,1.5,7.41,444.6,0.61,36.85,8.23%,5.91,cda9,邯郸,罗圣峰
2025-12-01,7.0,2.16,129.5,0.45,26.75,20.83%,-4.84,d70d,杭州风之末,江伊潭
2025-12-01,0.0,0.0,,,,,0.0,d94e,希利,罗圣峰
2025-12-01,0.0,0.0,,,,,0.0,e5cb,希利,罗圣峰
2025-12-01,1.8,2.26,135.5,0.44,26.5,19.47%,0.46,e5fb,丰县,江伊潭
2025-12-01,1.8,2.27,136.4,0.75,44.75,33.04%,0.47,e84e,丰县,江伊潭
2025-12-02,2.0,2.02,121.2,0.4,23.95,19.8%,0.02,0fe4,武汉,贺子豪
2025-12-02,0.0,0.0,0.0,0.0,0.0,,0.0,13fa,,
2025-12-02,4.15,4.29,257.4,0.15,9.25,3.5%,0.14,17fd,丰县,江伊潭
2025-12-02,7.0,10.67,640.3,3.34,200.35,31.3%,3.67,1af9,邯郸,罗圣峰
2025-12-02,0.0,0.22,13.3,0.17,10.0,77.27%,0.22,279f,承重云仓,江伊潭
2025-12-02,0.0,0.02,0.9,0.02,0.9,100.0%,0.02,3748,,
2025-12-02,6.0,6.41,384.7,0.98,58.75,15.29%,0.41,4813,宁波,罗圣峰
2025-12-02,8.0,4.17,250.0,0.53,31.7,12.71%,-3.83,4e97,东莞,贺子豪
2025-12-02,8.0,8.04,482.3,0.32,19.05,3.98%,0.04,4f46,东莞,贺子豪
2025-12-02,0.0,0.55,33.1,0.55,33.1,100.0%,0.55,4fcf,,
2025-12-02,7.0,3.47,208.1,1.84,110.45,53.03%,-3.53,5c12,邯郸,罗圣峰
2025-12-02,3.5,3.5,210.1,0.11,6.35,3.14%,0.0,7393,中山三立,周俊健
2025-12-02,3.5,3.5,210.1,0.11,6.35,3.14%,0.0,7393,中山,江伊潭
2025-12-02,4.25,4.5,270.3,0.38,22.75,8.44%,0.25,7cf6,丰县,江伊潭
2025-12-02,5.5,5.08,304.8,1.51,90.55,29.72%,-0.42,821e,杭州风之末,江伊潭
2025-12-02,0.0,2.38,143.1,0.91,54.75,38.24%,2.38,8c60,承重云仓,江伊潭
2025-12-02,4.0,3.17,189.9,1.75,105.15,55.21%,-0.83,8dfb,宁波,罗圣峰
2025-12-02,5.5,7.42,445.0,0.19,11.15,2.56%,1.92,8f4a,北京百世,江伊潭
2025-12-02,0.0,0.0,0.0,0.0,0.0,,0.0,b18b,,
2025-12-02,0.0,1.67,100.1,1.17,70.0,70.06%,1.67,c0a2,承重云仓,江伊潭
2025-12-02,4.25,4.33,259.9,0.33,19.75,7.62%,0.08,c0e4,丰县,江伊潭
2025-12-02,0.0,0.0,0.0,0.0,0.0,,0.0,c12b,,
2025-12-02,0.0,0.79,47.2,0.02,1.0,2.53%,0.79,c71e,,
2025-12-02,0.0,7.05,423.2,0.39,23.4,5.53%,7.05,cc83,,
2025-12-02,7.0,0.0,,,,,-7.0,cda9,邯郸,罗圣峰
2025-12-02,5.5,5.24,314.5,1.99,119.5,37.98%,-0.26,d70d,杭州风之末,江伊潭
2025-12-02,0.0,0.0,0.0,0.0,0.0,,0.0,e2be,,
2025-12-02,4.3,3.86,231.8,0.17,10.25,4.4%,-0.44,e5fb,丰县,江伊潭
2025-12-02,4.5,4.71,282.6,0.66,39.75,14.01%,0.21,e84e,丰县,江伊潭
2025-12-03,1.0,2.92,174.9,0.54,32.25,18.49%,1.92,0fe4,武汉,贺子豪
2025-12-03,0.0,3.25,194.9,1.1,66.0,33.85%,3.25,13fa,,
2025-12-03,4.75,2.44,146.1,1.27,76.1,52.05%,-2.31,17fd,丰县,江伊潭
2025-12-03,6.01,6.78,406.8,2.1,126.05,30.97%,0.77,1af9,邯郸,罗圣峰
2025-12-03,0.0,0.0,0.1,0.0,0.1,,0.0,1c2d,,
2025-12-03,0.0,0.3,17.8,0.17,10.0,56.67%,0.3,279f,承重云仓,江伊潭
2025-12-03,0.0,0.01,0.3,0.01,0.3,100.0%,0.01,3748,,
2025-12-03,0.0,0.0,0.0,0.0,0.0,,0.0,3fb3,,
2025-12-03,0.0,0.0,0.0,0.0,0.0,,0.0,4591,,
2025-12-03,5.0,5.43,325.9,1.42,84.9,26.15%,0.43,4813,宁波,罗圣峰
2025-12-03,0.0,0.0,0.1,0.0,0.1,,0.0,4a7c,,
2025-12-03,8.0,8.03,481.9,1.12,67.05,13.95%,0.03,4e97,东莞,贺子豪
2025-12-03,8.0,8.04,482.5,0.36,21.5,4.48%,0.04,4f46,东莞,贺子豪
2025-12-03,0.0,5.0,299.7,1.06,63.7,21.2%,5.0,4fcf,,
2025-12-03,0.0,0.02,0.9,0.02,0.9,100.0%,0.02,5606,,
2025-12-03,0.0,0.0,0.0,0.0,0.0,,0.0,57ff,,
2025-12-03,6.95,5.65,339.3,0.78,46.65,13.81%,-1.3,5c12,邯郸,罗圣峰
2025-12-03,0.0,0.01,0.4,0.01,0.4,100.0%,0.01,6790,,
2025-12-03,0.0,0.0,0.0,0.0,0.0,,0.0,691f,,
2025-12-03,5.3,6.83,409.6,0.59,35.6,8.64%,1.53,7393,中山三立,周俊健
2025-12-03,4.7,2.29,137.5,0.65,38.75,28.38%,-2.41,7cf6,丰县,江伊潭
2025-12-03,6.5,3.52,211.1,1.13,67.85,32.1%,-2.98,821e,杭州风之末,江伊潭
2025-12-03,5.0,0.0,,,,,-5.0,8c60,承重云仓,江伊潭
2025-12-03,2.0,2.25,135.2,2.25,135.2,100.0%,0.25,8dfb,宁波,罗圣峰
2025-12-03,6.0,5.86,351.6,0.2,11.75,3.41%,-0.14,8f4a,北京百世,江伊潭
2025-12-03,0.0,5.22,313.1,0.39,23.35,7.47%,5.22,b18b,,
2025-12-03,5.0,2.27,136.5,0.13,8.1,5.73%,-2.73,c0a2,承重云仓,江伊潭
2025-12-03,4.7,2.44,146.4,0.69,41.5,28.28%,-2.26,c0e4,丰县,江伊潭
2025-12-03,1.0,4.6,276.1,0.15,8.85,3.26%,3.6,cda9,邯郸,罗圣峰
2025-12-03,6.5,5.47,328.3,2.47,148.3,45.16%,-1.03,d70d,杭州风之末,江伊潭
2025-12-03,0.0,2.27,135.9,0.08,5.1,3.52%,2.27,e2be,,
2025-12-03,5.2,2.87,172.0,0.44,26.25,15.33%,-2.33,e5fb,丰县,江伊潭
2025-12-03,5.0,2.51,150.8,0.59,35.3,23.51%,-2.49,e84e,丰县,江伊潭
2025-12-03,0.0,0.02,0.9,0.02,0.9,100.0%,0.02,f061,,
2025-12-03,0.0,1.68,101.1,1.02,61.1,60.71%,1.68,fbdb,,
2025-12-04,2.0,0.0,,,,,-2.0,0fe4,武汉,贺子豪
2025-12-04,4.5,4.47,268.5,1.0,59.75,22.37%,-0.03,17fd,丰县,江伊潭
2025-12-04,7.5,4.0,240.1,0.0,0.1,0.0%,-3.5,1af9,邯郸,罗圣峰
2025-12-04,7.0,6.46,387.3,0.27,16.0,4.18%,-0.54,279f,承重云仓,江伊潭
2025-12-04,5.0,0.0,,,,,-5.0,3748,广州泊晶,周俊健
2025-12-04,7.0,22.89,1373.3,20.11,1206.3,87.85%,15.89,4813,宁波,罗圣峰
2025-12-04,8.0,4.0,240.0,0.47,28.25,11.75%,-4.0,4e97,东莞,贺子豪
2025-12-04,8.0,4.88,292.6,0.52,31.25,10.66%,-3.12,4f46,东莞,贺子豪
2025-12-04,6.8,5.64,338.3,2.93,175.8,51.95%,-1.16,4fcf,承重云仓,江伊潭
2025-12-04,0.0,0.0,0.1,0.0,0.1,,0.0,5606,,
2025-12-04,7.15,5.03,301.6,0.88,52.5,17.5%,-2.12,5c12,邯郸,罗圣峰
2025-12-04,7.5,7.47,448.2,0.47,27.95,6.29%,-0.03,7393,中山三立,周俊健
2025-12-04,4.6,5.15,309.1,0.77,46.25,14.95%,0.55,7cf6,丰县,江伊潭
2025-12-04,5.6,8.94,536.4,3.25,195.05,36.35%,3.34,821e,杭州风之末,江伊潭
2025-12-04,6.7,5.38,323.1,2.19,131.15,40.71%,-1.32,8c60,承重云仓,江伊潭
2025-12-04,7.0,23.63,1417.6,23.46,1407.6,99.28%,16.63,8dfb,宁波,罗圣峰
2025-12-04,4.2,0.0,,,,,-4.2,8f4a,北京百世,江伊潭
2025-12-04,0.0,1.04,62.6,0.17,10.5,16.35%,1.04,a027,,
2025-12-04,6.8,6.62,397.0,2.05,122.75,30.97%,-0.18,c0a2,承重云仓,江伊潭
2025-12-04,4.5,6.55,393.0,0.82,49.0,12.52%,2.05,c0e4,丰县,江伊潭
2025-12-04,6.47,6.58,394.8,2.13,127.75,32.37%,0.11,cda9,邯郸,罗圣峰
2025-12-04,5.6,5.34,320.6,2.59,155.25,48.5%,-0.26,d70d,杭州风之末,江伊潭
2025-12-04,4.6,6.79,407.5,1.11,66.6,16.35%,2.19,e5fb,丰县,江伊潭
2025-12-04,4.6,4.55,273.0,0.64,38.5,14.07%,-0.05,e84e,丰县,江伊潭
2025-12-04,0.0,0.3,18.3,0.0,0.0,0.0%,0.3,f061,,
2025-12-05,0.0,0.0,0.0,0.0,0.0,,0.0,0469,,
2025-12-05,2.0,2.33,140.1,1.57,94.5,67.38%,0.33,0fe4,武汉,贺子豪
2025-12-05,5.0,4.99,299.2,2.6,156.2,52.1%,-0.01,17fd,丰县,江伊潭
2025-12-05,7.02,10.37,622.2,4.03,241.8,38.86%,3.35,1af9,邯郸,罗圣峰
2025-12-05,7.0,5.45,326.8,3.98,239.0,73.03%,-1.55,279f,承重云仓,江伊潭
2025-12-05,0.0,5.17,310.2,0.27,16.15,5.22%,5.17,2e08,,
2025-12-05,0.0,0.28,16.7,0.28,16.7,100.0%,0.28,3702,,
2025-12-05,0.0,0.0,0.0,0.0,0.0,,0.0,3730,,
2025-12-05,1.3,0.0,,,,,-1.3,3748,广州泊晶,周俊健
2025-12-05,0.0,0.0,0.0,0.0,0.0,,0.0,3c98,,
2025-12-05,0.0,1.07,64.3,0.22,12.97,20.56%,1.07,4199,,
2025-12-05,7.0,20.37,1222.0,13.92,835.25,68.34%,13.37,4813,宁波,罗圣峰
2025-12-05,0.0,0.82,49.4,0.1,5.75,12.2%,0.82,4e97,,
2025-12-05,8.0,8.75,524.9,0.48,28.85,5.49%,0.75,4f46,东莞,贺子豪
2025-12-05,5.5,7.04,422.5,0.14,8.7,1.99%,1.54,4fcf,承重云仓,江伊潭
2025-12-05,0.0,0.02,1.3,0.02,1.3,100.0%,0.02,5606,,
2025-12-05,8.22,5.51,330.7,1.98,118.61,35.93%,-2.71,5c12,邯郸,罗圣峰
2025-12-05,0.0,8.39,503.2,0.72,43.15,8.58%,8.39,6790,,
2025-12-05,7.3,7.35,440.8,0.17,10.05,2.31%,0.05,7393,中山三立,周俊健
2025-12-05,5.0,4.25,255.3,0.96,57.5,22.59%,-0.75,7cf6,丰县,江伊潭
2025-12-05,3.0,0.0,,,,,-3.0,821e,杭州风之末,江伊潭
2025-12-05,7.0,6.86,411.7,6.57,393.95,95.77%,-0.14,8c60,承重云仓,江伊潭
2025-12-05,7.0,6.7,402.0,6.7,402.0,100.0%,-0.3,8dfb,宁波,罗圣峰
2025-12-05,5.0,0.0,,,,,-5.0,8f4a,北京百世,江伊潭
2025-12-05,0.0,0.0,0.0,0.0,0.0,,0.0,9572,,
2025-12-05,0.0,3.99,239.7,1.61,96.45,40.35%,3.99,9d08,,
2025-12-05,0.0,0.0,0.0,0.0,0.0,,0.0,9d10,,
2025-12-05,0.0,0.0,0.0,0.0,0.0,,0.0,9dd1,,
2025-12-05,0.0,2.4,143.9,0.58,34.65,24.17%,2.4,b054,,
2025-12-05,5.5,5.37,322.2,5.04,302.2,93.85%,-0.13,c0a2,承重云仓,江伊潭
2025-12-05,5.0,2.93,176.1,0.73,43.8,24.91%,-2.07,c0e4,丰县,江伊潭
2025-12-05,5.0,2.02,121.1,0.02,1.25,0.99%,-2.98,c71e,北京百世,江伊潭
2025-12-05,5.0,0.0,,,,,-5.0,cc83,北京百世,江伊潭
2025-12-05,8.22,4.38,262.8,1.62,97.5,36.99%,-3.84,cda9,邯郸,罗圣峰
2025-12-05,6.0,2.02,121.3,1.1,65.9,54.46%,-3.98,d70d,杭州风之末,江伊潭
2025-12-05,5.0,2.83,169.7,0.57,34.0,20.14%,-2.17,e5fb,丰县,江伊潭
2025-12-05,5.0,5.08,304.7,0.77,46.5,15.16%,0.08,e84e,丰县,江伊潭
2025-12-05,0.0,0.06,3.5,0.06,3.5,100.0%,0.06,f061,,
2025-12-05,0.0,2.49,149.5,1.24,74.3,49.8%,2.49,f3ed,,
2025-12-05,5.5,1.64,98.2,1.47,88.2,89.63%,-3.86,fbdb,北京百世,江伊潭
2025-12-06,7.0,6.33,379.7,0.09,5.5,1.42%,-0.67,279f,承重云仓,江伊潭
2025-12-06,2.51,5.21,312.9,1.69,101.3,32.44%,2.7,3fb3,邯郸,罗圣峰
2025-12-06,4.8,0.01,0.8,0.01,0.8,100.0%,-4.79,4591,广州泊晶,周俊健
2025-12-06,7.0,4.79,287.5,1.13,68.0,23.59%,-2.21,4813,宁波,罗圣峰
2025-12-06,8.0,4.02,241.3,0.23,14.05,5.72%,-3.98,4e97,东莞,贺子豪
2025-12-06,8.0,4.04,242.4,0.19,11.4,4.7%,-3.96,4f46,东莞,贺子豪
2025-12-06,7.0,2.15,129.0,2.0,119.75,93.02%,-4.85,4fcf,承重云仓,江伊潭
2025-12-06,0.0,3.53,211.8,1.07,63.95,30.31%,3.53,57ff,,
2025-12-06,4.54,2.87,172.3,0.04,2.3,1.39%,-1.67,691f,邯郸,罗圣峰
2025-12-06,7.2,7.36,441.7,0.03,2.0,0.41%,0.16,7393,中山三立,周俊健
2025-12-06,3.8,4.72,283.3,0.3,18.0,6.36%,0.92,7cf6,丰县,江伊潭
2025-12-06,7.0,7.15,428.8,0.38,22.7,5.31%,0.15,8c60,承重云仓,江伊潭
2025-12-06,7.0,2.74,164.7,2.74,164.7,100.0%,-4.26,8dfb,宁波,罗圣峰
2025-12-06,5.0,0.0,,,,,-5.0,8f4a,北京百世,江伊潭
2025-12-06,0.0,2.95,177.2,0.06,3.75,2.03%,2.95,b054,,
2025-12-06,7.0,7.13,427.7,2.01,120.7,28.19%,0.13,c0a2,承重云仓,江伊潭
2025-12-06,3.8,4.8,287.9,0.71,42.65,14.79%,1.0,c0e4,丰县,江伊潭
2025-12-06,5.0,6.31,378.8,1.07,64.15,16.96%,1.31,c71e,北京百世,江伊潭
2025-12-06,5.5,0.0,,,,,-5.5,cc83,北京百世,江伊潭
2025-12-06,5.27,5.7,341.8,3.86,231.7,67.72%,0.43,cda9,邯郸,罗圣峰
2025-12-06,0.0,0.17,10.5,0.17,10.5,100.0%,0.17,e2be,,
2025-12-06,4.8,4.84,290.3,0.18,10.75,3.72%,0.04,e5fb,丰县,江伊潭
2025-12-06,2.8,3.98,238.9,0.33,20.0,8.29%,1.18,e84e,丰县,江伊潭
2025-12-06,5.5,2.89,173.4,2.75,165.3,95.16%,-2.61,fbdb,北京百世,江伊潭
2025-12-07,0.0,2.04,122.7,0.03,2.0,1.47%,2.04,0fe4,,
2025-12-07,7.0,0.96,57.6,0.0,0.0,0.0%,-6.04,279f,承重云仓,江伊潭
2025-12-07,0.0,6.58,395.1,1.33,80.0,20.21%,6.58,4813,,
2025-12-07,0.0,4.18,250.6,0.41,24.85,9.81%,4.18,4e97,,
2025-12-07,0.0,3.08,184.9,0.03,1.75,0.97%,3.08,4f46,,
2025-12-07,2.0,7.09,425.5,0.1,6.25,1.41%,5.09,4fcf,承重云仓,江伊潭
2025-12-07,0.0,1.15,69.2,0.01,0.5,0.87%,1.15,5606,,
2025-12-07,7.1,7.25,434.9,0.15,9.2,2.07%,0.15,7393,中山三立,周俊健
2025-12-07,0.0,2.15,128.8,0.53,31.75,24.65%,2.15,7cf6,,
2025-12-07,7.0,5.86,351.8,0.85,51.0,14.51%,-1.14,821e,杭州风之末,江伊潭
2025-12-07,7.0,6.35,381.3,3.15,189.2,49.61%,-0.65,8c60,承重云仓,江伊潭
2025-12-07,0.0,7.77,466.3,7.77,466.3,100.0%,7.77,8dfb,,
2025-12-07,0.0,0.06,3.7,0.06,3.7,100.0%,0.06,9ace,,
2025-12-07,2.0,1.76,105.6,0.0,0.0,0.0%,-0.24,c0a2,承重云仓,江伊潭
2025-12-07,0.0,2.17,130.1,0.72,43.1,33.18%,2.17,c0e4,,
2025-12-07,6.0,5.4,324.1,0.0,0.0,0.0%,-0.6,c71e,北京百世,江伊潭
2025-12-07,6.0,5.54,332.5,0.38,22.5,6.86%,-0.46,cc83,北京百世,江伊潭
2025-12-07,7.0,8.03,481.8,3.35,201.0,41.72%,1.03,d70d,杭州风之末,江伊潭
2025-12-07,0.0,1.66,99.4,0.34,20.15,20.48%,1.66,e5fb,,
2025-12-07,0.0,2.16,129.8,0.73,43.75,33.8%,2.16,e84e,,
2025-12-07,6.0,5.84,350.5,5.56,333.85,95.21%,-0.16,fbdb,北京百世,江伊潭
2025-12-08,4.0,2.0,120.0,0.46,27.75,23.0%,-2.0,0fe4,武汉,贺子豪
2025-12-08,0.0,0.96,57.5,0.17,10.0,17.71%,0.96,17fd,,
2025-12-08,6.58,5.94,356.3,2.84,170.5,47.81%,-0.64,1af9,邯郸,罗圣峰
2025-12-08,7.7,0.0,,,,,-7.7,1c2d,广州泊晶,周俊健
2025-12-08,7.0,0.0,,,,,-7.0,279f,承重云仓,江伊潭
2025-12-08,0.0,0.27,16.2,0.27,16.2,100.0%,0.27,3748,,
2025-12-08,7.33,7.63,458.1,0.0,0.0,0.0%,0.3,3fb3,邯郸,罗圣峰
2025-12-08,8.0,5.34,320.4,0.63,37.59,11.8%,-2.66,4e97,东莞,贺子豪
2025-12-08,8.0,4.95,296.9,0.2,11.92,4.04%,-3.05,4f46,东莞,贺子豪
2025-12-08,1.8,7.59,455.7,4.54,272.45,59.82%,5.79,4fcf,承重云仓,江伊潭
2025-12-08,6.0,2.5,150.0,2.5,150.0,100.0%,-3.5,5606,宝树堂,周俊健
2025-12-08,6.56,6.79,407.5,0.38,22.5,5.6%,0.23,5c12,邯郸,罗圣峰
2025-12-08,0.0,0.24,14.3,0.07,4.3,29.17%,0.24,6790,,
2025-12-08,6.74,7.01,420.8,5.68,340.8,81.03%,0.27,691f,邯郸,罗圣峰
2025-12-08,9.0,7.97,478.2,0.1,6.15,1.25%,-1.03,7393,中山三立,周俊健
2025-12-08,0.0,0.02,1.3,0.02,1.3,100.0%,0.02,7437,,
2025-12-08,3.0,1.78,107.1,0.34,20.6,19.1%,-1.22,7cf6,丰县,江伊潭
2025-12-08,5.4,5.35,321.3,3.28,196.8,61.31%,-0.05,821e,杭州风之末,江伊潭
2025-12-08,7.0,7.35,441.2,5.95,357.2,80.95%,0.35,8c60,承重云仓,江伊潭
2025-12-08,0.0,3.56,213.4,0.26,15.75,7.3%,3.56,9ace,,
2025-12-08,0.0,0.02,1.0,0.02,1.0,100.0%,0.02,b054,,
2025-12-08,7.0,7.22,433.0,4.47,268.5,61.91%,0.22,c0a2,承重云仓,江伊潭
2025-12-08,2.2,0.0,,,,,-2.2,c0e4,丰县,江伊潭
2025-12-08,5.5,1.84,110.5,1.67,100.5,90.76%,-3.66,c71e,北京百世,江伊潭
2025-12-08,5.5,7.29,437.6,2.03,121.7,27.85%,1.79,cc83,北京百世,江伊潭
2025-12-08,7.0,7.2,432.0,0.02,1.2,0.28%,0.2,cda9,邯郸,罗圣峰
2025-12-08,2.0,1.81,108.9,0.11,6.7,6.08%,-0.19,d70d,杭州风之末,江伊潭
2025-12-08,2.75,1.09,65.4,0.29,17.5,26.61%,-1.66,e5fb,丰县,江伊潭
2025-12-08,4.0,0.96,57.5,0.17,10.5,17.71%,-3.04,e84e,丰县,江伊潭
2025-12-08,5.8,0.0,,,,,-5.8,fbdb,北京百世,江伊潭
2025-12-09,0.0,1.89,113.7,0.5,30.0,26.46%,1.89,0fe4,,
2025-12-09,0.0,1.79,107.6,0.7,41.9,39.11%,1.79,13fa,,
2025-12-09,6.91,7.32,439.2,2.17,130.0,29.64%,0.41,1af9,邯郸,罗圣峰
2025-12-09,7.0,5.27,316.2,2.66,159.7,50.47%,-1.73,279f,承重云仓,江伊潭
2025-12-09,4.8,4.65,279.1,1.13,67.95,24.3%,-0.15,3702,丰县,江伊潭
2025-12-09,4.1,0.0,,,,,-4.1,3748,广州泊晶,周俊健
2025-12-09,7.5,7.58,454.8,3.39,203.4,44.72%,0.08,3fb3,邯郸,罗圣峰
2025-12-09,8.0,12.06,723.5,0.69,41.5,5.72%,4.06,4e97,东莞,贺子豪
2025-12-09,8.0,6.3,377.9,2.3,137.73,36.51%,-1.7,4f46,东莞,贺子豪
2025-12-09,7.0,7.47,448.5,3.09,185.5,41.37%,0.47,4fcf,承重云仓,江伊潭
2025-12-09,3.0,0.99,59.4,0.15,8.75,15.15%,-2.01,5606,宝树堂,周俊健
2025-12-09,0.0,3.93,235.8,3.93,235.8,100.0%,3.93,57ff,,
2025-12-09,7.22,3.93,235.9,0.02,0.9,0.51%,-3.29,5c12,邯郸,罗圣峰
2025-12-09,8.5,0.0,,,,,-8.5,6790,宁波,罗圣峰
2025-12-09,7.17,7.37,442.2,2.33,140.0,31.61%,0.2,691f,邯郸,罗圣峰
2025-12-09,9.1,9.18,551.0,0.24,14.5,2.61%,0.08,7393,中山三立,周俊健
2025-12-09,0.0,0.01,0.8,0.01,0.8,100.0%,0.01,7437,,
2025-12-09,4.8,6.39,383.7,1.19,71.55,18.62%,1.59,7cf6,丰县,江伊潭
2025-12-09,0.0,1.19,71.6,0.31,18.35,26.05%,1.19,821e,杭州风之末,江伊潭
2025-12-09,7.0,4.88,292.9,1.95,117.08,39.96%,-2.12,8c60,承重云仓,江伊潭
2025-12-09,0.0,0.02,1.0,0.02,1.0,100.0%,0.02,8dfb,,
2025-12-09,0.0,3.65,219.1,2.4,144.02,65.75%,3.65,8f4a,,
2025-12-09,0.0,5.19,311.5,2.83,170.0,54.53%,5.19,9d08,,
2025-12-09,0.0,2.89,173.5,2.67,160.0,92.39%,2.89,9d6f,,
2025-12-09,7.0,7.09,425.4,7.09,425.4,100.0%,0.09,c0a2,承重云仓,江伊潭
2025-12-09,2.6,4.65,278.9,0.88,52.75,18.92%,2.05,c0e4,丰县,江伊潭
2025-12-09,6.0,0.0,,,,,-6.0,c71e,北京百世,江伊潭
2025-12-09,0.0,4.64,278.5,3.26,195.41,70.26%,4.64,cbcd,,
2025-12-09,6.0,6.31,378.9,4.5,269.9,71.32%,0.31,cc83,北京百世,江伊潭
2025-12-09,6.94,4.2,251.9,0.78,46.85,18.57%,-2.74,cda9,邯郸,罗圣峰
2025-12-09,0.0,0.0,,,,,0.0,d70d,杭州风之末,江伊潭
2025-12-09,0.0,3.98,238.9,1.47,88.08,36.93%,3.98,dcfe,,
2025-12-09,0.0,1.93,115.6,0.52,31.0,26.94%,1.93,e2be,,
2025-12-09,4.6,6.35,381.3,1.28,77.05,20.16%,1.75,e5fb,丰县,江伊潭
2025-12-09,4.9,4.63,277.7,0.4,24.1,8.64%,-0.27,e84e,丰县,江伊潭
2025-12-09,6.0,7.14,428.2,6.97,418.2,97.62%,1.14,fbdb,北京百世,江伊潭
2025-12-10,0.0,4.95,297.2,2.98,179.1,60.2%,4.95,0469,,
2025-12-10,0.0,0.0,,,,,0.0,13fa,风之末,江伊潭
2025-12-10,6.91,4.17,250.4,2.17,130.4,52.04%,-2.74,1af9,邯郸,罗圣峰
2025-12-10,0.0,0.0,,,,,0.0,1c2d,广州泊晶,周俊健
2025-12-10,7.0,0.0,,,,,-7.0,1c2d,广州泊晶,周俊健
2025-12-10,5.25,0.0,,,,,-5.25,20e7,风之末,江伊潭
2025-12-10,7.0,7.12,427.3,6.37,382.08,89.47%,0.12,279f,承重云仓,江伊潭
2025-12-10,0.0,2.62,157.3,0.26,15.3,9.92%,2.62,2e08,,
2025-12-10,4.5,4.61,276.4,1.25,74.75,27.11%,0.11,3702,丰县,江伊潭
2025-12-10,0.0,1.23,73.9,1.23,73.9,100.0%,1.23,3730,,
2025-12-10,0.0,0.0,,,,,0.0,3748,广州泊晶,周俊健
2025-12-10,7.0,0.0,,,,,-7.0,3748,广州泊晶,周俊健
2025-12-10,3.5,7.53,451.8,2.87,172.25,38.11%,4.03,3fb3,邯郸,罗圣峰
2025-12-10,8.0,4.08,244.9,0.59,35.65,14.46%,-3.92,4e97,东莞,贺子豪
2025-12-10,8.0,6.68,401.0,2.4,143.97,35.93%,-1.32,4f46,东莞,贺子豪
2025-12-10,7.0,7.22,433.5,2.75,165.0,38.09%,0.22,4fcf,承重云仓,江伊潭
2025-12-10,3.0,2.26,135.4,0.78,46.9,34.51%,-0.74,5606,宝树堂,周俊健
2025-12-10,0.0,0.01,0.6,0.01,0.6,100.0%,0.01,57ff,,
2025-12-10,6.69,6.21,372.3,0.67,40.0,10.79%,-0.48,5c12,邯郸,罗圣峰
2025-12-10,0.0,0.04,2.6,0.04,2.6,100.0%,0.04,64c2,,
2025-12-10,6.71,7.3,438.2,5.52,331.1,75.62%,0.59,691f,邯郸,罗圣峰
2025-12-10,9.0,9.18,550.9,0.46,27.75,5.01%,0.18,7393,中山三立,周俊健
2025-12-10,0.0,0.22,13.4,0.22,13.4,100.0%,0.22,7437,,
2025-12-10,4.5,2.67,160.0,0.85,50.75,31.84%,-1.83,7cf6,丰县,江伊潭
2025-12-10,0.0,2.36,141.9,0.84,50.3,35.59%,2.36,821e,风之末,江伊潭
2025-12-10,7.0,7.28,437.0,1.8,107.75,24.73%,0.28,8c60,承重云仓,江伊潭
2025-12-10,0.0,1.07,64.2,0.92,55.45,85.98%,1.07,8f4a,,
2025-12-10,0.0,0.0,,,,,0.0,9b08,风之末,江伊潭
2025-12-10,5.0,0.0,,,,,-5.0,b054,风之末,江伊潭
2025-12-10,5.0,2.83,170.1,0.06,3.85,2.12%,-2.17,b18b,风之末,江伊潭
2025-12-10,7.0,7.48,448.7,1.2,72.0,16.04%,0.48,c0a2,承重云仓,江伊潭
2025-12-10,4.5,4.5,270.0,1.42,85.5,31.56%,0.0,c0e4,丰县,江伊潭
2025-12-10,5.0,5.06,303.6,1.85,110.86,36.56%,0.06,c71e,北京百世,江伊潭
2025-12-10,4.1,2.74,164.2,0.0,0.0,0.0%,-1.36,cda9,邯郸,罗圣峰
2025-12-10,0.0,0.0,,,,,0.0,d70d,风之末,江伊潭
2025-12-10,0.0,5.93,355.7,0.92,54.95,15.51%,5.93,e2be,,
2025-12-10,4.2,2.63,157.9,0.94,56.25,35.74%,-1.57,e5fb,丰县,江伊潭
2025-12-10,4.5,4.49,269.3,1.3,78.3,28.95%,-0.01,e84e,丰县,江伊潭
2025-12-10,5.0,0.0,,,,,-5.0,fbdb,北京百世,江伊潭
2025-12-11,0.0,2.46,147.8,2.0,120.3,81.3%,2.46,09ca,,
2025-12-11,5.25,7.53,451.8,4.51,270.72,59.89%,2.28,13fa,风之末,江伊潭
2025-12-11,7.5,6.92,415.5,1.41,84.42,20.38%,-0.58,1af9,邯郸,罗圣峰
2025-12-11,3.5,0.0,,,,,-3.5,1c2d,广州泊晶,周俊健
2025-12-11,6.3,0.0,,,,,-6.3,20e 7,风之末,江伊潭
2025-12-11,4.5,6.77,406.1,3.04,182.35,44.9%,2.27,279f,承重云仓,江伊潭
2025-12-11,0.0,3.49,209.5,0.07,4.08,2.01%,3.49,2e08,,
2025-12-11,4.75,4.93,295.6,2.64,158.55,53.55%,0.18,3702,丰县,江伊潭
2025-12-11,0.0,1.12,67.1,0.95,57.1,84.82%,1.12,3730,,
2025-12-11,3.5,0.59,35.7,0.37,22.28,62.71%,-2.91,3748,广州泊晶,周俊健
2025-12-11,6.0,6.94,416.3,1.96,117.46,28.24%,0.94,3fb3,邯郸,罗圣峰
2025-12-11,0.0,0.96,57.5,0.26,15.75,27.08%,0.96,4199,,
2025-12-11,5.1,4.48,269.0,3.28,197.08,73.21%,-0.62,4fcf,承重云仓,江伊潭
2025-12-11,8.0,7.64,458.3,2.68,160.72,35.08%,-0.36,5606,宝树堂,周俊健
2025-12-11,5.75,7.39,443.4,7.22,433.4,97.7%,1.64,691f,邯郸,罗圣峰
2025-12-11,5.5,9.19,551.5,0.56,33.7,6.09%,3.69,7393,中山三立,周俊健
2025-12-11,4.5,4.53,271.8,4.24,254.3,93.6%,0.03,8c60,承重云仓,江伊潭
2025-12-11,2.25,6.76,405.4,2.09,125.5,30.92%,4.51,9d08,风之末,江伊潭
2025-12-11,5.5,8.46,507.4,2.01,120.6,23.76%,2.96,b054,风之末,江伊潭
2025-12-11,6.2,7.13,428.1,2.65,158.83,37.17%,0.93,b18b,风之末,江伊潭
2025-12-11,6.8,4.87,292.0,2.33,140.0,47.84%,-1.93,c0a2,承重云仓,江伊潭
2025-12-11,5.8,5.7,342.2,4.12,247.5,72.28%,-0.1,c71e,北京百世,江伊潭
2025-12-11,4.75,4.22,253.3,2.78,166.6,65.88%,-0.53,cc83,北京百世,江伊潭
2025-12-11,7.0,7.58,454.6,1.32,79.4,17.41%,0.58,cda9,邯郸,罗圣峰
2025-12-11,6.15,9.3,558.1,2.49,149.28,26.77%,3.15,e2be,宁波,罗圣峰
2025-12-12,2.4,2.12,127.1,0.16,9.5,7.55%,-0.28,0469,丰县,江伊潭
2025-12-12,0.8,0.0,,,,,-0.8,09ca,北京百世,江伊潭
2025-12-12,5.4,3.17,190.0,0.17,10.0,5.36%,-2.23,13fa,风之末-天缘,江伊潭
2025-12-12,0.0,0.17,10.1,0.17,10.1,100.0%,0.17,1554,,
2025-12-12,5.11,2.64,158.3,0.47,28.3,17.8%,-2.47,1af9,邯郸,罗圣峰
2025-12-12,7.0,0.0,,,,,-7.0,1c2d,广州泊晶,周俊健
2025-12-12,6.25,0.0,,,,,-6.25,20e7,风之末-亚太,江伊潭
2025-12-12,7.1,7.1,425.9,2.8,168.0,39.44%,0.0,279f,承重云仓,江伊潭
2025-12-12,0.0,9.17,550.1,2.07,124.35,22.57%,9.17,2e08,,
2025-12-12,4.75,4.76,285.6,2.5,150.0,52.52%,0.01,3702,丰县,江伊潭
2025-12-12,2.3,1.93,116.0,0.42,25.25,21.76%,-0.37,3730,丰县,江伊潭
2025-12-12,7.0,0.0,,,,,-7.0,3748,广州泊晶,周俊健
2025-12-12,6.24,4.57,274.2,2.83,169.95,61.93%,-1.67,3fb3,邯郸,罗圣峰
2025-12-12,7.0,6.14,368.4,2.5,150.0,40.72%,-0.86,4fcf,承重云仓,江伊潭
2025-12-12,0.0,0.06,3.7,0.05,2.9,83.33%,0.06,52a2,,
2025-12-12,7.0,5.74,344.2,1.08,65.1,18.82%,-1.26,5606,宝树堂,周俊健
2025-12-12,0.0,4.02,241.0,2.33,139.6,57.96%,4.02,5c12,,
2025-12-12,6.0,4.56,273.5,3.5,210.0,76.75%,-1.44,691f,邯郸,罗圣峰
2025-12-12,7.3,7.34,440.7,0.87,52.35,11.85%,0.04,7393,中山三立,周俊健
2025-12-12,0.0,0.1,6.2,0.1,6.2,100.0%,0.1,7437,,
2025-12-12,6.8,6.59,395.6,3.67,220.0,55.69%,-0.21,8c60,承重云仓,江伊潭
2025-12-12,5.4,3.15,188.7,0.38,23.0,12.06%,-2.25,9d08,风之末-天缘,江伊潭
2025-12-12,1.5,0.0,,,,,-1.5,9d6f,北京百世,江伊潭
2025-12-12,5.3,2.3,138.0,0.5,30.0,21.74%,-3.0,b054,风之末-亚太,江伊潭
2025-12-12,5.7,4.89,293.6,0.95,56.75,19.43%,-0.81,b18b,风之末-亚太,江伊潭
2025-12-12,7.1,6.82,409.4,3.92,234.9,57.48%,-0.28,c0a2,承重云仓,江伊潭
2025-12-12,3.8,0.0,,,,,-3.8,c71e,北京百世,江伊潭
2025-12-12,4.0,0.0,,,,,-4.0,cbcd,宁波,罗圣峰
2025-12-12,6.0,7.35,441.3,3.61,216.45,49.12%,1.35,cc83,北京百世,江伊潭
2025-12-12,6.13,3.95,237.1,3.78,227.1,95.7%,-2.18,cda9,邯郸,罗圣峰
2025-12-12,4.0,0.0,,,,,-4.0,dcfe,宁波,罗圣峰
2025-12-12,0.0,4.64,278.7,2.74,164.45,59.05%,4.64,e2be,,
2025-12-13,0.0,5.15,309.0,1.2,71.75,23.3%,5.15,0469,,
2025-12-13,0.0,2.0,120.3,0.45,27.13,22.5%,2.0,13fa,,
2025-12-13,7.39,6.38,382.7,3.88,232.7,60.82%,-1.01,1af9,邯郸,罗圣峰
2025-12-13,0.0,0.0,,,,,0.0,1c2d,广州泊晶,周俊健
2025-12-13,9.25,0.0,,,,,-9.25,20e7,风之末-亚太,江伊潭
2025-12-13,7.0,7.37,442.0,2.68,161.0,36.36%,0.37,279f,承重云仓,江伊潭
2025-12-13,0.0,1.14,68.4,0.0,0.0,0.0%,1.14,2e08,,
2025-12-13,0.0,5.0,300.0,0.65,38.7,13.0%,5.0,3702,,
2025-12-13,0.0,4.96,297.8,2.09,125.6,42.14%,4.96,3730,,
2025-12-13,0.0,0.0,,,,,0.0,3748,广州泊晶,周俊健
2025-12-13,6.68,6.68,400.6,2.14,128.5,32.04%,0.0,3fb3,邯郸,罗圣峰
2025-12-13,0.0,0.09,5.3,0.09,5.3,100.0%,0.09,4591,,
2025-12-13,7.0,6.87,412.2,1.06,63.75,15.43%,-0.13,4fcf,承重云仓,江伊潭
2025-12-13,0.0,0.0,,,,,0.0,5606,宝树堂,周俊健
2025-12-13,0.0,3.25,195.2,1.41,84.5,43.38%,3.25,5c12,,
2025-12-13,6.62,5.65,339.1,1.5,90.0,26.55%,-0.97,691f,邯郸,罗圣峰
2025-12-13,3.6,5.95,356.9,0.37,22.3,6.22%,2.35,7393,中山三立,周俊健
2025-12-13,2.0,7.07,424.2,1.67,100.0,23.62%,5.07,8c60,承重云仓,江伊潭
2025-12-13,0.0,2.03,121.6,0.84,50.2,41.38%,2.03,9d08,,
2025-12-13,5.25,4.62,277.5,0.69,41.25,14.94%,-0.63,b054,风之末-亚太,江伊潭
2025-12-13,3.0,3.82,229.0,0.25,15.25,6.54%,0.82,b18b,风之末-亚太,江伊潭
2025-12-13,7.0,7.03,421.7,4.94,296.45,70.27%,0.03,c0a2,承重云仓,江伊潭
2025-12-13,4.0,0.0,,,,,-4.0,cbcd,宁波,罗圣峰
2025-12-13,5.79,4.38,263.1,1.89,113.5,43.15%,-1.41,cda9,邯郸,罗圣峰
2025-12-13,4.0,0.0,,,,,-4.0,dcfe,宁波,罗圣峰
2025-12-13,2.15,0.0,,,,,-2.15,e2be,宁波,罗圣峰
2025-12-14,5.0,0.0,,,,,-5.0,0469,丰县,江伊潭
2025-12-14,3.0,2.95,177.1,1.83,109.55,62.03%,-0.05,09ca,北京百世,江伊潭
2025-12-14,2.0,0.07,4.4,0.0,0.0,0.0%,-1.93,13fa,风之末-天缘,江伊潭
2025-12-14,3.36,3.61,216.4,3.61,216.4,100.0%,0.25,1af9,邯郸,罗圣峰
2025-12-14,0.0,0.0,,,,,0.0,1c2d,广州泊晶,周俊健
2025-12-14,4.5,0.0,,,,,-4.5,20e 7,风之末-亚太,江伊潭
2025-12-14,7.0,7.37,442.0,4.04,242.15,54.82%,0.37,279f,承重云仓,江伊潭
2025-12-14,0.0,7.32,439.4,1.27,76.4,17.35%,7.32,2e08,,
2025-12-14,5.0,0.0,,,,,-5.0,3702,丰县,江伊潭
2025-12-14,5.0,0.0,,,,,-5.0,3730,丰县,江伊潭
2025-12-14,0.0,0.0,,,,,0.0,3748,广州泊晶,周俊健
2025-12-14,3.4,0.0,,,,,-3.4,3fb3,邯郸,罗圣峰
2025-12-14,7.0,6.7,401.8,2.0,120.0,29.85%,-0.3,4fcf,承重云仓,江伊潭
2025-12-14,4.75,4.82,289.3,2.25,135.1,46.68%,0.07,5606,宝树堂,周俊健
2025-12-14,0.0,6.9,413.9,1.82,109.45,26.38%,6.9,5c12,,
2025-12-14,3.38,3.64,218.7,1.81,108.7,49.73%,0.26,691f,邯郸,罗圣峰
2025-12-14,7.26,7.28,437.0,0.15,9.25,2.06%,0.02,7393,中山三立,周俊健
2025-12-14,0.0,0.0,0.1,0.0,0.0,,0.0,8c60,承重云仓,江伊潭
2025-12-14,1.6,0.0,,,,,-1.6,9ace,宝树堂,周俊健
2025-12-14,5.0,7.39,443.5,2.46,147.75,33.29%,2.39,9d08,风之末-天缘,江伊潭
2025-12-14,3.0,4.47,268.0,4.17,250.2,93.29%,1.47,9d6f,北京百世,江伊潭
2025-12-14,4.85,1.17,70.0,0.17,10.0,14.53%,-3.68,b054,风之末-亚太,江伊潭
2025-12-14,6.0,5.74,344.6,2.21,132.6,38.5%,-0.26,b18b,风之末-亚太,江伊潭
2025-12-14,7.0,6.02,361.1,4.27,256.3,70.93%,-0.98,c0a2,承重云仓,江伊潭
2025-12-14,0.0,4.19,251.4,1.74,104.4,41.53%,4.19,cbcd,,
2025-12-14,4.05,4.1,246.0,1.6,96.0,39.02%,0.05,cda9,邯郸,罗圣峰
2025-12-14,0.0,4.37,262.2,1.38,82.75,31.58%,4.37,dcfe,,
2025-12-14,0.0,2.49,149.5,0.32,19.35,12.85%,2.49,e2be,,
2025-12-14,0.0,0.0,,,,,0.0,f3ed,宝树堂,周俊健
2025-12-15,5.0,2.96,177.8,0.7,42.25,23.65%,-2.04,0469,丰县,江伊潭
2025-12-15,7.0,4.64,278.5,0.58,34.95,12.5%,-2.36,09ca,北京百世,江伊潭
2025-12-15,5.5,7.61,456.5,2.17,130.2,28.52%,2.11,13fa,风之末-天缘,江伊潭
2025-12-15,3.0,0.0,,,,,-3.0,1c2d,广州泊晶,Jason
2025-12-15,2.75,0.0,,,,,-2.75,20e7,风之末-亚太,江伊潭
2025-12-15,9.0,8.04,482.5,2.26,135.35,28.11%,-0.96,279f,承重云仓,江伊潭
2025-12-15,0.0,2.56,153.5,0.0,0.0,0.0%,2.56,2e08,,
2025-12-15,5.0,2.83,170.0,0.23,14.0,8.13%,-2.17,3702,丰县,江伊潭
2025-12-15,5.0,2.89,173.3,0.43,25.75,14.88%,-2.11,3730,丰县,江伊潭
2025-12-15,3.0,0.0,,,,,-3.0,3748,广州泊晶,Jason
2025-12-15,0.0,1.21,72.4,0.0,0.2,0.0%,1.21,4591,,
2025-12-15,8.8,8.86,531.4,2.14,128.4,24.15%,0.06,4fcf,承重云仓,江伊潭
2025-12-15,0.0,4.37,262.2,0.0,0.0,0.0%,4.37,52a2,,
2025-12-15,6.5,4.17,249.9,1.07,64.15,25.66%,-2.33,5606,宝树堂,Jason
2025-12-15,0.0,7.9,474.3,1.33,80.0,16.84%,7.9,5c12,,
2025-12-15,7.37,7.38,442.6,0.71,42.6,9.62%,0.01,7393,中山三立,Jason
2025-12-15,0.0,0.0,,,,,0.0,8c60,承重云仓,江伊潭
2025-12-15,6.5,6.5,390.2,1.11,66.6,17.08%,0.0,9ace,宝树堂,Jason
2025-12-15,4.15,2.01,120.6,0.0,0.0,0.0%,-2.14,9d08,风之末-天缘,江伊潭
2025-12-15,0.0,1.11,66.8,0.1,5.7,9.01%,1.11,9d6f,,
2025-12-15,2.75,1.61,96.5,0.0,0.0,0.0%,-1.14,b18b,风之末-亚太,江伊潭
2025-12-15,8.75,8.64,518.7,5.68,340.7,65.74%,-0.11,c0a2,承重云仓,江伊潭
2025-12-15,7.6,6.87,412.4,1.22,73.1,17.76%,-0.73,c71e,北京百世,江伊潭
2025-12-15,0.0,6.66,399.7,0.0,0.0,0.0%,6.66,c828,,
2025-12-15,5.0,4.67,280.0,3.05,182.75,65.31%,-0.33,cbcd,宁波,罗圣峰
2025-12-15,6.1,5.71,342.6,1.17,70.0,20.49%,-0.39,cc83,北京百世,江伊潭
2025-12-15,0.0,0.07,4.1,0.0,0.0,0.0%,0.07,dc96,,
2025-12-15,4.0,7.13,427.7,0.52,31.0,7.29%,3.13,e2be,宁波,罗圣峰
2025-12-15,6.5,3.6,216.1,1.03,62.05,28.61%,-2.9,f3ed,宝树堂,Jason
2025-12-16,4.0,3.72,223.3,0.0,0.0,0.0%,-0.28,0469,丰县,江伊潭
2025-12-16,5.0,2.92,175.1,0.0,0.0,0.0%,-2.08,13fa,风之末-天缘,江伊潭
2025-12-16,5.3,4.47,268.5,0.0,0.0,0.0%,-0.83,1af9,邯郸,罗圣峰
2025-12-16,3.0,0.0,,,,,-3.0,1c2d,广州泊晶,Jason
2025-12-16,2.5,0.0,,,,,-2.5,20e7,风之末-亚太,江伊潭
2025-12-16,7.4,6.96,417.3,0.0,0.0,0.0%,-0.44,279f,承重云仓,江伊潭
2025-12-16,0.0,2.93,175.9,0.0,0.0,0.0%,2.93,2e08,,
2025-12-16,4.6,6.23,374.0,0.0,0.0,0.0%,1.63,3702,丰县,江伊潭
2025-12-16,4.4,6.38,383.0,0.0,0.0,0.0%,1.98,3730,丰县,江伊潭
2025-12-16,3.75,0.0,,,,,-3.75,3748,广州泊晶,Jason
2025-12-16,5.3,13.27,796.5,0.0,0.0,0.0%,7.97,3fb3,邯郸,罗圣峰
2025-12-16,0.0,1.16,69.5,0.0,0.0,0.0%,1.16,4591,,
2025-12-16,7.3,7.34,440.7,0.0,0.0,0.0%,0.04,4fcf,承重云仓,江伊潭
2025-12-16,4.0,0.0,,,,,-4.0,52a2,宁波,罗圣峰
2025-12-16,5.6,5.63,338.1,0.0,0.0,0.0%,0.03,5606,宝树堂,Jason
2025-12-16,4.3,3.13,187.8,0.0,0.0,0.0%,-1.17,5c12,邯郸,罗圣峰
2025-12-16,6.01,7.25,435.2,0.0,0.0,0.0%,1.24,691f,邯郸,罗圣峰
2025-12-16,7.37,6.16,369.7,0.0,0.0,0.0%,-1.21,7393,中山三立,Jason
2025-12-16,5.3,5.2,312.1,0.0,0.0,0.0%,-0.1,9ace,宝树堂,Jason
2025-12-16,3.5,1.51,90.7,0.0,0.0,0.0%,-1.99,9d08,风之末-天缘,江伊潭
2025-12-16,0.0,0.01,0.5,0.0,0.0,0.0%,0.01,acf4,,
2025-12-16,5.0,6.24,374.3,0.0,0.0,0.0%,1.24,b18b,风之末-亚太,江伊潭
2025-12-16,0.0,0.03,2.0,0.0,0.0,0.0%,0.03,b97b,,
2025-12-16,7.6,6.94,416.2,0.0,0.0,0.0%,-0.66,c0a2,承重云仓,江伊潭
2025-12-16,4.0,4.58,274.7,0.0,0.0,0.0%,0.58,cbcd,宁波,罗圣峰
2025-12-16,6.03,6.68,400.7,0.0,0.0,0.0%,0.65,cda9,邯郸,罗圣峰
2025-12-16,0.0,7.46,447.7,0.0,0.0,0.0%,7.46,dcfe,,
2025-12-16,8.0,10.27,616.3,0.0,0.0,0.0%,2.27,e2be,宁波,罗圣峰
2025-12-16,8.0,8.22,493.1,0.0,0.0,0.0%,0.22,f3ed,宝树堂,Jason
2025-12-16,0.0,0.05,3.2,0.0,0.0,0.0%,0.05,fbb0,,
2025-12-17,4.5,4.31,258.4,1.03,61.95,23.9%,-0.19,0469,丰县,江伊潭
2025-12-17,2.0,2.11,126.4,0.0,0.0,0.0%,0.11,09ca,北京百世,江伊潭
2025-12-17,5.25,5.27,316.1,0.0,0.0,0.0%,0.02,13fa,风之末-天缘,江伊潭
2025-12-17,6.46,4.89,293.4,0.0,0.0,0.0%,-1.57,1af9,邯郸,罗圣峰
2025-12-17,0.0,0.0,,,,,0.0,1c2d,广州泊晶,Jason
2025-12-17,0.0,0.05,3.0,0.05,3.0,100.0%,0.05,2613,,
2025-12-17,4.5,0.17,10.0,0.0,0.0,0.0%,-4.33,279f,承重云仓,江伊潭
2025-12-17,0.0,2.22,133.0,0.0,0.0,0.0%,2.22,2e08,,
2025-12-17,4.25,3.29,197.6,0.44,26.4,13.37%,-0.96,3702,丰县,江伊潭
2025-12-17,4.5,4.32,259.4,1.09,65.25,25.23%,-0.18,3730,丰县,江伊潭
2025-12-17,0.0,0.0,,,,,0.0,3748,广州泊晶,Jason
2025-12-17,3.12,0.0,,,,,-3.12,3fb3,邯郸,罗圣峰
2025-12-17,5.0,9.35,561.2,2.35,141.05,25.13%,4.35,4b9b,东莞,贺子豪
2025-12-17,1.5,4.18,251.0,0.45,27.0,10.77%,2.68,4fcf,承重云仓,江伊潭
2025-12-17,4.75,5.11,306.7,0.0,0.0,0.0%,0.36,52a2,宁波,罗圣峰
2025-12-17,4.0,3.99,239.2,0.0,0.0,0.0%,-0.01,5606,宝树堂,Jason
2025-12-17,6.16,0.0,,,,,-6.16,5c12,邯郸,罗圣峰
2025-12-17,6.42,6.66,399.5,0.0,0.0,0.0%,0.24,691f,邯郸,罗圣峰
2025-12-17,7.37,7.38,443.0,0.0,0.0,0.0%,0.01,7393,中山三立,Jason
2025-12-17,5.22,5.23,313.9,0.0,0.0,0.0%,0.01,9ace,宝树堂,Jason
2025-12-17,5.25,5.27,316.3,0.0,0.0,0.0%,0.02,9d08,风之末-天缘,江伊潭
2025-12-17,0.0,1.48,88.6,0.0,0.0,0.0%,1.48,acf4,,
2025-12-17,2.0,6.48,389.0,0.4,23.8,6.17%,4.48,b18b,风之末-亚太,江伊潭
2025-12-17,2.5,4.45,266.9,0.0,0.0,0.0%,1.95,c0a2,承重云仓,江伊潭
2025-12-17,5.85,0.67,40.0,0.0,0.0,0.0%,-5.18,c71e,北京百世,江伊潭
2025-12-17,5.15,4.81,288.7,0.0,0.0,0.0%,-0.34,cbcd,宁波,罗圣峰
2025-12-17,4.85,4.77,286.4,0.0,0.0,0.0%,-0.08,cc83,北京百世,江伊潭
2025-12-17,5.76,6.35,380.9,0.0,0.0,0.0%,0.59,cda9,邯郸,罗圣峰
2025-12-17,0.0,0.55,32.9,0.0,0.0,0.0%,0.55,dc96,,
2025-12-17,5.0,0.01,0.7,0.01,0.7,100.0%,-4.99,e2be,宁波,罗圣峰
2025-12-17,2.0,2.38,142.9,0.0,0.0,0.0%,0.38,f3ed,宝树堂,Jason
2025-12-17,0.0,0.52,31.0,0.0,0.0,0.0%,0.52,fbb0,,
2025-12-18,2.5,0.63,37.8,0.0,0.0,0.0%,-1.87,0469,丰县,江伊潭
2025-12-18,7.25,8.87,532.1,0.0,0.0,0.0%,1.62,09ca,北京百世,江伊潭
2025-12-18,5.75,6.26,375.9,0.5,30.0,7.99%,0.51,13fa,风之末-天缘,江伊潭
2025-12-18,6.02,7.29,437.4,0.0,0.0,0.0%,1.27,1af9,邯郸,罗圣峰
2025-12-18,1.75,0.0,,,,,-1.75,1c2d,广州泊晶,Jason
2025-12-18,6.0,0.0,,,,,-6.0,20e7,风之末-亚太,江伊潭
2025-12-18,7.5,1.3,78.3,0.0,0.0,0.0%,-6.2,279f,承重云仓,江伊潭
2025-12-18,0.0,5.99,359.2,0.0,0.0,0.0%,5.99,2e08,,
2025-12-18,3.5,2.69,161.2,0.13,7.75,4.83%,-0.81,3702,丰县,江伊潭
2025-12-18,3.5,1.66,99.7,0.0,0.0,0.0%,-1.84,3730,丰县,江伊潭
2025-12-18,1.33,0.0,,,,,-1.33,3748,广州泊晶,Jason
2025-12-18,5.75,5.95,357.1,0.0,0.0,0.0%,0.2,3bef,希利,罗圣峰
2025-12-18,6.48,0.0,,,,,-6.48,3fb3,邯郸,罗圣峰
2025-12-18,0.0,2.1,126.3,0.0,0.0,0.0%,2.1,4591,,
2025-12-18,8.0,4.07,244.1,0.0,0.0,0.0%,-3.93,4b9b,东莞,贺子豪
2025-12-18,7.5,6.58,394.7,0.0,0.0,0.0%,-0.92,4fcf,承重云仓,江伊潭
2025-12-18,5.0,6.59,395.4,0.0,0.0,0.0%,1.59,52a2,宁波,罗圣峰
2025-12-18,2.0,0.0,,,,,-2.0,5606,宝树堂,Jason
2025-12-18,5.62,0.0,,,,,-5.62,5c12,邯郸,罗圣峰
2025-12-18,6.15,6.21,372.3,0.0,0.0,0.0%,0.06,6210,希利,罗圣峰
2025-12-18,5.5,5.45,326.8,0.0,0.0,0.0%,-0.05,64c2,希利,罗圣峰
2025-12-18,7.16,7.62,457.4,0.0,0.0,0.0%,0.46,691f,邯郸,罗圣峰
2025-12-18,7.42,7.43,445.6,0.0,0.0,0.0%,0.01,7393,中山三立,Jason
2025-12-18,2.0,0.0,,,,,-2.0,9ace,宝树堂,Jason
2025-12-18,5.75,6.24,374.5,1.02,61.25,16.35%,0.49,9d08,风之末-天缘,江伊潭
2025-12-18,5.3,5.31,318.4,0.0,0.0,0.0%,0.01,9d6f,北京百世,江伊潭
2025-12-18,0.0,5.46,327.3,0.0,0.0,0.0%,5.46,acf4,,
2025-12-18,4.0,5.13,308.0,0.0,0.0,0.0%,1.13,b18b,风之末-亚太,江伊潭
2025-12-18,4.0,7.63,457.9,0.0,0.0,0.0%,3.63,c0a2,承重云仓,江伊潭
2025-12-18,6.5,0.0,,,,,-6.5,c71e,北京百世,江伊潭
2025-12-18,5.0,6.31,378.4,0.0,0.0,0.0%,1.31,cbcd,宁波,罗圣峰
2025-12-18,5.0,5.87,352.2,0.0,0.0,0.0%,0.87,cc83,北京百世,江伊潭
2025-12-18,8.34,6.42,384.9,0.0,0.0,0.0%,-1.92,cda9,邯郸,罗圣峰
2025-12-18,5.0,6.57,394.2,0.0,0.0,0.0%,1.57,e2be,宁波,罗圣峰
2025-12-18,3.23,5.46,327.7,0.0,0.0,0.0%,2.23,f3ed,宝树堂,Jason
2025-12-19,4.7,4.75,285.2,0.0,0.0,0.0%,0.05,0469,丰县,江伊潭
2025-12-19,4.0,8.91,534.5,0.0,0.0,0.0%,4.91,09ca,北京百世,江伊潭
2025-12-19,2.65,2.76,165.6,0.0,0.0,0.0%,0.11,13fa,风之末-天缘,江伊潭
2025-12-19,7.16,7.3,437.9,0.0,0.0,0.0%,0.14,1af9,邯郸,罗圣峰
2025-12-19,0.0,0.0,,,,,0.0,1c2d,广州泊晶,Jason
2025-12-19,5.0,0.0,,,,,-5.0,20e7,风之末-亚太,江伊潭
2025-12-19,0.0,0.17,10.3,0.0,0.0,0.0%,0.17,2e08,,
2025-12-19,4.65,4.65,279.2,0.0,0.0,0.0%,0.0,3702,丰县,江伊潭
2025-12-19,4.6,4.59,275.6,0.0,0.0,0.0%,-0.01,3730,丰县,江伊潭
2025-12-19,0.0,0.0,,,,,0.0,3748,广州泊晶,Jason
2025-12-19,6.5,6.44,386.6,0.0,0.0,0.0%,-0.06,3bef,希利,罗圣峰
2025-12-19,6.52,0.0,,,,,-6.52,3fb3,邯郸,罗圣峰
2025-12-19,0.0,2.22,133.1,0.0,0.0,0.0%,2.22,4591,,
2025-12-19,8.0,4.04,242.1,0.0,0.0,0.0%,-3.96,4b9b,东莞,贺子豪
2025-12-19,7.0,0.0,,,,,-7.0,4fcf,承重云仓,江伊潭
2025-12-19,0.0,0.0,,,,,0.0,5606,宝树堂,Jason
2025-12-19,6.42,0.0,,,,,-6.42,5c12,邯郸,罗圣峰
2025-12-19,6.25,6.33,379.9,0.0,0.0,0.0%,0.08,6210,希利,罗圣峰
2025-12-19,6.5,6.53,392.0,0.0,0.0,0.0%,0.03,64c2,希利,罗圣峰
2025-12-19,7.46,7.52,451.0,0.0,0.0,0.0%,0.06,691f,邯郸,罗圣峰
2025-12-19,7.3,7.25,435.1,0.0,0.0,0.0%,-0.05,7393,中山三立,Jason
2025-12-19,5.08,5.1,306.0,0.0,0.0,0.0%,0.02,9ace,宝树堂,Jason
2025-12-19,2.65,2.74,164.5,0.0,0.0,0.0%,0.09,9d08,风之末-天缘,江伊潭
2025-12-19,2.0,6.56,393.5,0.0,0.0,0.0%,4.56,9d6f,北京百世,江伊潭
2025-12-19,0.0,5.22,313.5,0.0,0.0,0.0%,5.22,acf4,,
2025-12-19,5.0,3.05,183.1,0.0,0.0,0.0%,-1.95,b18b,风之末-亚太,江伊潭
2025-12-19,0.0,7.4,444.3,0.0,0.0,0.0%,7.4,c0a2,,
2025-12-19,7.5,0.0,,,,,-7.5,c71e,北京百世,江伊潭
2025-12-19,6.45,2.9,174.2,0.0,0.0,0.0%,-3.55,c828,宁波,罗圣峰
2025-12-19,7.85,5.92,355.1,0.0,0.0,0.0%,-1.93,cc83,北京百世,江伊潭
2025-12-19,7.02,7.4,444.3,0.0,0.0,0.0%,0.38,cda9,邯郸,罗圣峰
2025-12-19,7.45,6.0,360.0,0.0,0.0,0.0%,-1.45,dcfe,宁波,罗圣峰
2025-12-19,3.0,3.88,233.1,0.0,0.0,0.0%,0.88,e2be,宁波,罗圣峰
2025-12-19,5.8,5.73,343.8,0.0,0.0,0.0%,-0.07,f3ed,宝树堂,Jason
2025-12-20,0.0,0.79,47.3,0.0,0.0,0.0%,0.79,0469,,
2025-12-20,0.0,2.15,128.8,0.74,44.5,34.42%,2.15,13fa,,
2025-12-20,6.23,7.59,455.3,1.5,89.8,19.76%,1.36,1af9,邯郸,罗圣峰
2025-12-20,0.0,0.0,,,,,0.0,1c2d,广州泊晶,Jason
2025-12-20,3.7,0.0,,,,,-3.7,20e7,风之末-亚太,江伊潭
2025-12-20,0.0,2.71,162.7,0.87,52.2,32.1%,2.71,2e08,,
2025-12-20,0.0,0.99,59.5,0.0,0.0,0.0%,0.99,3702,,
2025-12-20,0.0,0.97,58.5,0.0,0.0,0.0%,0.97,3730,,
2025-12-20,0.0,0.0,,,,,0.0,3748,广州泊晶,Jason
2025-12-20,0.0,3.48,208.9,3.28,197.0,94.25%,3.48,3c98,,
2025-12-20,5.0,0.0,,,,,-5.0,3fb3,邯郸,罗圣峰
2025-12-20,8.0,11.31,678.8,0.4,23.95,3.54%,3.31,4b9b,东莞,贺子豪
2025-12-20,7.4,0.0,,,,,-7.4,4fcf,承重云仓,江伊潭
2025-12-20,0.0,5.31,318.5,0.0,0.0,0.0%,5.31,52a2,,
2025-12-20,6.0,4.17,250.4,0.07,4.0,1.68%,-1.83,5606,宝树堂,Jason
2025-12-20,6.38,0.0,,,,,-6.38,5c12,邯郸,罗圣峰
2025-12-20,7.34,0.0,,,,,-7.34,691f,邯郸,罗圣峰
2025-12-20,7.0,5.25,315.0,0.1,6.25,1.9%,-1.75,7393,中山三立,Jason
2025-12-20,0.0,0.0,,,,,0.0,9ace,宝树堂,Jason
2025-12-20,0.0,1.86,111.5,0.2,12.0,10.75%,1.86,9d08,,
2025-12-20,0.0,0.87,52.4,0.83,50.0,95.4%,0.87,9d10,,
2025-12-20,0.0,11.73,703.7,5.63,337.6,48.0%,11.73,9d6f,,
2025-12-20,2.5,3.0,180.2,0.0,0.0,0.0%,0.5,b18b,风之末-亚太,江伊潭
2025-12-20,0.0,7.4,443.8,1.31,78.6,17.7%,7.4,c0a2,,
2025-12-20,3.0,0.0,,,,,-3.0,c828,宁波,罗圣峰
2025-12-20,0.0,2.88,172.8,1.41,84.5,48.96%,2.88,cbcd,,
2025-12-20,0.0,3.61,216.6,0.47,28.5,13.02%,3.61,cc83,,
2025-12-20,6.24,7.03,421.7,0.0,0.0,0.0%,0.79,cda9,邯郸,罗圣峰
2025-12-20,6.25,0.0,,,,,-6.25,dcfe,宁波,罗圣峰
2025-12-20,0.0,6.11,366.7,0.0,0.0,0.0%,6.11,e2be,,
2025-12-20,6.0,5.87,352.0,1.1,66.0,18.74%,-0.13,f3ed,宝树堂,Jason
2025-12-21,3.75,2.8,168.2,1.69,101.5,60.36%,-0.95,0469,丰县,江伊潭
2025-12-21,6.85,0.17,10.0,0.17,10.0,100.0%,-6.68,09ca,北京百世,江伊潭
2025-12-21,5.3,3.18,191.0,1.18,71.0,37.11%,-2.12,13fa,风之末-天缘,江伊潭
2025-12-21,3.1,0.0,,,,,-3.1,20e7,风之末-亚太,江伊潭
2025-12-21,0.0,2.98,178.9,0.29,17.5,9.73%,2.98,2e08,,
2025-12-21,3.9,2.84,170.5,2.84,170.5,100.0%,-1.06,3702,丰县,江伊潭
2025-12-21,3.8,2.75,165.1,2.69,161.1,97.82%,-1.05,3730,丰县,江伊潭
2025-12-21,5.0,0.0,,,,,-5.0,3fb3,邯郸,罗圣峰
2025-12-21,0.0,12.97,778.0,5.97,358.5,46.03%,12.97,4b9b,,
2025-12-21,7.2,0.0,,,,,-7.2,4fcf,承重云仓,江伊潭
2025-12-21,0.0,5.12,307.4,1.79,107.4,34.96%,5.12,52a2,,
2025-12-21,7.06,0.0,,,,,-7.06,691f,邯郸,罗圣峰
2025-12-21,5.0,3.09,185.3,2.38,142.55,77.02%,-1.91,9d08,风之末-天缘,江伊潭
2025-12-21,5.6,0.0,,,,,-5.6,9d6f,北京百世,江伊潭
2025-12-21,4.4,6.82,409.2,0.67,39.95,9.82%,2.42,b18b,风之末-亚太,江伊潭
2025-12-21,0.0,0.17,10.4,0.17,10.4,100.0%,0.17,c0a2,,
2025-12-21,7.25,7.05,422.8,0.96,57.85,13.62%,-0.2,c828,宁波,罗圣峰
2025-12-21,0.0,7.57,454.0,5.04,302.25,66.58%,7.57,cbcd,,
2025-12-21,4.6,0.0,,,,,-4.6,cc83,北京百世,江伊潭
2025-12-21,2.5,0.84,50.6,0.84,50.6,100.0%,-1.66,cda9,邯郸,罗圣峰
2025-12-21,7.5,7.12,427.5,1.37,82.0,19.24%,-0.38,dcfe,宁波,罗圣峰
2025-12-21,4.5,5.68,340.9,4.59,275.65,80.81%,1.18,e2be,宁波,罗圣峰
2025-12-22,4.9,4.86,291.8,2.53,151.6,52.06%,-0.04,0469,丰县,江伊潭
2025-12-22,2.2,2.19,131.7,1.5,90.0,68.49%,-0.01,13fa,风之末-天缘,江伊潭
2025-12-22,7.15,0.0,,,,,-7.15,1af9,邯郸,罗圣峰
2025-12-22,3.0,0.0,,,,,-3.0,20e7,风之末-亚太,江伊潭
2025-12-22,0.0,0.55,33.0,0.0,0.0,0.0%,0.55,2e08,,
2025-12-22,5.0,4.92,295.2,0.21,12.5,4.27%,-0.08,3702,丰县,江伊潭
2025-12-22,4.9,4.87,292.2,0.42,25.25,8.62%,-0.03,3730,丰县,江伊潭
2025-12-22,3.75,3.65,218.8,0.5,30.05,13.7%,-0.1,3bef,希利,罗圣峰
2025-12-22,5.75,0.0,,,,,-5.75,3c98,河南,贺子豪
2025-12-22,6.89,0.0,,,,,-6.89,3fb3,邯郸,罗圣峰
2025-12-22,5.0,6.13,367.6,3.16,189.65,51.55%,1.13,52a2,宁波,罗圣峰
2025-12-22,6.43,0.0,,,,,-6.43,5c12,邯郸,罗圣峰
2025-12-22,6.25,6.36,381.4,0.02,1.25,0.31%,0.11,6210,希利,罗圣峰
2025-12-22,6.25,6.36,381.9,0.43,26.0,6.76%,0.11,64c2,希利,罗圣峰
2025-12-22,7.17,0.0,,,,,-7.17,691f,邯郸,罗圣峰
2025-12-22,0.0,0.67,40.0,0.17,10.0,25.37%,0.67,7393,,
2025-12-22,2.4,2.4,144.1,0.8,48.1,33.33%,0.0,9d08,风之末-天缘,江伊潭
2025-12-22,5.5,0.0,,,,,-5.5,9d10,河南,贺子豪
2025-12-22,2.0,0.0,,,,,-2.0,b18b,风之末-亚太,江伊潭
2025-12-22,6.25,6.0,360.0,1.39,83.5,23.17%,-0.25,c828,宁波,罗圣峰
2025-12-22,4.0,4.05,243.3,0.0,0.0,0.0%,0.05,cbcd,宁波,罗圣峰
2025-12-22,6.32,5.59,335.6,0.14,8.5,2.5%,-0.73,cda9,邯郸,罗圣峰
2025-12-22,6.0,6.0,360.0,2.41,144.75,40.17%,0.0,dcfe,宁波,罗圣峰
2025-12-22,7.0,3.98,238.8,1.36,81.5,34.17%,-3.02,e2be,宁波,罗圣峰
